#     TSINCE (MIN)         LAT(DEG)        LON (DEG)          HT (KM)           X (KM)           Y (KM)           Z (KM)

1           0.0000000       -0.0000231     -110.2634270      376.0561549     4960.6733288    -4583.7559143       -0.0027114
2           1.0000000        3.1459951     -108.1569791      375.5222307     5136.8862135    -4368.9558692      368.3036783
3           2.0000000        6.2869347     -106.0360295      375.1387729     5289.1447759    -4133.7825670      734.8875065
4           3.0000000        9.4170272     -103.8862498      374.9053216     5416.7342944    -3879.3289939     1098.0337399
5           4.0000000       12.5302688     -101.6928180      374.8192272     5519.0562054    -3606.7794566     1456.0430522
6           5.0000000       15.6202957      -99.4401720      374.8757337     5595.6310212    -3317.4039077     1807.2400344
7           6.0000000       18.6802473      -97.1117584      375.0681015     5646.1006462    -3012.5518128     2149.9813073
8           7.0000000       21.7026111      -94.6897798      375.3877642     5670.2300640    -2693.6456314     2482.6634439
9           8.0000000       24.6790461      -92.1549483      375.8245182     5667.9083982    -2362.1739395     2803.7306745
10          9.0000000       27.6001798      -89.4862610      376.3667392     5639.1493427    -2019.6842188     3111.6823471
11         10.0000000       30.4553757      -86.6608256      377.0016222     5584.0909624    -1667.7753867     3405.0800721
12         11.0000000       33.2324712      -83.6537822      377.7154388     5502.9948764    -1308.0900968     3682.5545302
13         12.0000000       35.9174885      -80.4383921      378.4938076     5396.2448283     -942.3068363     3942.8119251
14         13.0000000       38.4943318      -76.9864009      379.3219711     5264.3446702     -572.1319097     4184.6400140
15         14.0000000       40.9444939      -73.2688208      380.1850748     5107.9157645     -199.2912989     4406.9137321
16         15.0000000       43.2468184      -69.2573214      381.0684420     4927.6938384      174.4775132     4608.6003548
17         16.0000000       45.3773878      -64.9264373      381.9578406     4724.5253115      547.4337307     4788.7641932
18         17.0000000       47.3096437      -60.2567656      382.8397350     4499.3631117      917.8414234     4946.5708154
19         18.0000000       49.0148713      -55.2391795      383.7015213     4253.2620230     1283.9776236     5081.2907622
20         19.0000000       50.4631929      -49.8797653      384.5317392     3987.3735879     1644.1403223     5192.3027590
21         20.0000000       51.6251687      -44.2046839      385.3202594     3702.9405770     1996.6563507     5279.0964220
22         21.0000000       52.4739861      -38.2635896      386.0584415     3401.2910897     2339.8890668     5341.2744371
23         22.0000000       52.9880143      -32.1299222      386.7392618     3083.8322725     2672.2458739     5378.5542278
24         23.0000000       53.1532728      -25.8967539      387.3574075     2752.0437214     2992.1854957     5390.7690959
25         24.0000000       52.9652293      -19.6681331      387.9093377     2407.4705827     3298.2250016     5377.8688425
26         25.0000000       52.4294208      -13.5476097      388.3933087     2051.7163664     3588.9465679     5339.9198706
27         26.0000000       51.5607112       -7.6268943      388.8093652     1686.4355307     3863.0039235     5277.1047675
28         27.0000000       50.3814071       -1.9775369      389.1592959     1313.3258539     4119.1284691     5189.7213760
29         28.0000000       48.9187545        3.3528296      389.4465569      934.1206033     4356.1350627     5078.1813518
30         29.0000000       47.2023979        8.3398738      389.6761619      550.5805779     4572.9274117     4943.0082212
31         30.0000000       45.2622351       12.9789637      389.8545428      164.4860002     4768.5030915     4784.8349346
32         31.0000000       43.1268694       17.2802531      389.9893829     -222.3716644     4941.9581352     4604.4009335
33         32.0000000       40.8226674       21.2637825      390.0894258     -608.1979461     5092.4911890     4402.5487384
34         33.0000000       38.3733115       24.9553446      390.1642628     -991.2036514     5219.4072183     4180.2200578
35         34.0000000       35.7997078       28.3833732      390.2241039    -1369.6131161     5322.1207295     3938.4514472
36         35.0000000       33.1201134       31.5768107      390.2795356    -1741.6724105     5400.1584996     3678.3695281
37         36.0000000       30.3503835       34.5637769      390.3412708    -2105.6574813     5453.1617987     3401.1857683
38         37.0000000       27.5042680       37.3708261      390.4198953    -2459.8821416     5480.8880810     3108.1908777
39         38.0000000       24.5937159       40.0226127      390.5256154    -2802.7059291     5483.2121411     2800.7488014
40         39.0000000       21.6291623       42.5418184      390.6680130    -3132.5417445     5460.1267185     2480.2903699
41         40.0000000       18.6197899       44.9492402      390.8558115    -3447.8632520     5411.7425470     2148.3066234
42         41.0000000       15.5737587       47.2639690      391.0966585    -3747.2120159     5338.2878407     1806.3418234
43         42.0000000       12.4984074       49.5036160      391.3969298    -4029.2043058     5240.1072189     1455.9862159
44         43.0000000        9.4004283       51.6845586      391.7615575    -4292.5375482     5117.6600721     1098.8685691
45         44.0000000        6.2860209       53.8221914      392.1938884    -4535.9964044     4971.5183689      736.6485032
46         45.0000000        3.1610270       55.9311752      392.6955735    -4758.4584047     4802.3639271      371.0087001
47         46.0000000        0.0310545       58.0256807      393.2664920    -4958.8991492     4610.9851452        3.6469770
48         47.0000000       -3.0984089       60.1196274      393.9047122    -5136.3970158     4398.2732271     -363.7316855
49         48.0000000       -6.2218848       62.2269195      394.6064886    -5290.1373634     4165.2179183     -729.4231368
50         49.0000000       -9.3337949       64.3616812      395.3662973    -5419.4162192     3912.9027621    -1091.7320487
51         50.0000000      -12.4283472       66.5384940      396.1769074    -5523.6434088     3642.4999350    -1448.9798143
52         51.0000000      -15.4994139       68.7726385      397.0294879    -5602.3451427     3355.2646534    -1799.5123714
53         52.0000000      -18.5403980       71.0803393      397.9137479    -5655.1660291     3052.5292164    -2141.7078606
54         53.0000000      -21.5440826       73.4790126      398.8181062    -5681.8705191     2735.6967086    -2473.9841004
55         54.0000000      -24.5024595       75.9875076      399.7298888    -5682.3437820     2406.2343812    -2794.8058580
56         55.0000000      -27.4065326       78.6263287      400.6355485    -5656.5920080     2065.6667786    -3102.6918496
57         56.0000000      -30.2460931       81.4178114      401.5209029    -5604.7421509     1715.5686340    -3396.2214564
58         57.0000000      -33.0094659       84.3862116      402.3713868    -5527.0411143     1357.5575522    -3674.0411418
59         58.0000000      -35.6832287       87.5576400      403.1723130    -5423.8543996      993.2865629    -3934.8705070
60         59.0000000      -38.2519162       90.9597459      403.9091380    -5295.6642213      624.4365257    -4177.5080053
61         60.0000000      -40.6977297       94.6210129      404.5677264    -5143.0671160      252.7084680    -4400.8362619
62         61.0000000      -43.0002928       98.5694893      405.1346102    -4966.7710605     -120.1841276    -4603.8269938
63         62.0000000      -45.1365192      102.8307545      405.5972378    -4767.5921091     -492.5230709    -4785.5455289
64         63.0000000      -47.0806878      107.4249444      405.9442096    -4546.4505858     -862.5931822    -4945.1548875
65         64.0000000      -48.8048530      112.3627831      406.1654943    -4304.3668468    -1228.6899665    -5081.9194303
66         65.0000000      -50.2797259      117.6408498      406.2526243    -4042.4566207    -1589.1272370    -5195.2080710
67         66.0000000      -51.4761365      123.2367675      406.1988661    -3761.9259788    -1942.2446104    -5284.4970268
68         67.0000000      -52.3670788      129.1055555      405.9993623    -3464.0659179    -2286.4149093    -5349.3721233
69         68.0000000      -52.9301615      135.1787496      405.6512445    -3150.2466109    -2620.0513959    -5389.5306322
70         69.0000000      -53.1500633      141.3676747      405.1537141    -2821.9113331    -2941.6148359    -5404.7826465
71         70.0000000      -53.0204395      147.5711809      404.5080891    -2480.5700693    -3249.6203842    -5395.0519894
72         71.0000000      -52.5447624      153.6865057      403.7178178    -2127.7928521    -3542.6442359    -5360.3766496
73         72.0000000      -51.7358475      159.6205593      402.7884574    -1765.2028385    -3819.3300410    -5300.9087454
74         73.0000000      -50.6142074      165.2987370      401.7276181    -1394.4691273    -4078.3950701    -5216.9140092
75         74.0000000      -49.2056969      170.6694667      400.5448731    -1017.2993853    -4318.6360745    -5108.7707978
76         75.0000000      -47.5390149      175.7043749      399.2516360     -635.4322494    -4538.9348578    -4976.9686171
77         76.0000000      -45.6435196     -179.6047579      397.8610065     -250.6295769    -4738.2635024    -4822.1061687
78         77.0000000      -43.5475972     -175.2506305      396.3875869      135.3314500    -4915.6892401    -4644.8889172
79         78.0000000      -41.2776244     -171.2152685      394.8472720      520.6663550    -5070.3789516    -4446.1261687
80         79.0000000      -38.8574386     -167.4742446      393.2570150      903.5914693    -5201.6032494    -4226.7276786
81         80.0000000      -36.3081804     -163.9999321      391.6345738     1282.3320892    -5308.7401312    -3987.6997874
82         81.0000000      -33.6483776     -160.7637857      389.9982407     1655.1306767    -5391.2781845    -3730.1410779
83         82.0000000      -30.8941636     -157.7378018      388.3665606     2020.2550164    -5448.8193012    -3455.2375939
84         83.0000000      -28.0595589     -154.8953608      386.7580420     2376.0063502    -5481.0808982    -3164.2575944
85         84.0000000      -25.1567670     -152.2116350      385.1908668     2720.7274006    -5487.8976075    -2858.5458928
86         85.0000000      -22.1964598     -149.6637116      383.6826024     3052.8102601    -5469.2224252    -2539.5177874
87         86.0000000      -19.1880389     -147.2305378      382.2499235     3370.7041209    -5425.1272996    -2208.6525916
88         87.0000000      -16.1398675     -144.8927628      380.9083470     3672.9227653    -5355.8031437    -1867.4868177
89         88.0000000      -13.0594746     -142.6325243      379.6719869     3958.0517931    -5261.5592649    -1517.6070336
90         89.0000000       -9.9537325     -140.4332086      378.5533325     4224.7555533    -5142.8221988    -1160.6424055
91         90.0000000       -6.8290128     -138.2792030      377.5630557     4471.7836999    -5000.1339555     -798.2570113
92         91.0000000       -3.6913243     -136.1556468      376.7098510     4697.9773737    -4834.1496664     -432.1419091
93         92.0000000       -0.5464384     -134.0481869      376.0003107     4902.2749325    -4645.6346514      -64.0070520
94         93.0000000        2.5999953     -131.9427368      375.4388394     5083.7172108    -4435.4609154      304.4269254
95         94.0000000        5.7423377     -129.8252383      375.0276085     5241.4522792    -4204.6030762      671.4370181
96         95.0000000        8.8748486     -127.6814223      374.7665517     5374.7396508    -3954.1337746     1035.3061647
97         96.0000000       11.9915732     -125.4965684      374.6534022     5482.9539348    -3685.2185555     1394.3315717
98         97.0000000       15.0862189     -123.2552590      374.6837699     5565.5878924    -3399.1102816     1746.8329502
99         98.0000000       18.1520211     -120.9411289      374.8512567     5622.2548887    -3097.1431010     2091.1606370
100        99.0000000       21.1815914     -118.5366121      375.1476085     5652.6907298    -2780.7259912     2425.7035676
101       100.0000000       24.1667454     -116.0226940      375.5628989     5656.7548682    -2451.3359457     2748.8970236
102       101.0000000       27.0983041     -113.3786806      376.0857413     5634.4309819    -2110.5108330     3059.2301265
103       102.0000000       29.9658667     -110.5820134      376.7035254     5585.8269259    -1759.8419524     3355.2530561
104       103.0000000       32.7575535     -107.6081695      377.4026716     5511.1740629    -1400.9663751     3635.5839123
105       104.0000000       35.4597211     -104.4307157      378.1688999     5410.8259834    -1035.5590621     3898.9152359
106       105.0000000       38.0566600     -101.0216140      378.9875057     5285.2566310     -665.3248484     4144.0201181
107       106.0000000       40.5302976      -97.3519197      379.8436391     5135.0578532     -291.9903204     4369.7578893
108       107.0000000       42.8599458      -93.3930521      380.7225809     4960.9363891       82.7043888     4575.0793737
109       108.0000000       45.0221614      -89.1188464      381.6100109     4763.7103299      457.0138093     4759.0316667
110       109.0000000       46.9908164      -84.5085730      382.4922630     4544.3050732      829.1953269     4920.7624337
111       110.0000000       48.7375100      -79.5509854      383.3565634     4303.7487855     1197.5173400     5059.5237230
112       111.0000000       50.2324643      -74.2491743      384.1912469     4043.1674278     1560.2672942     5174.6752622
113       112.0000000       51.4460177      -68.6255262      384.9859488     3763.7793390     1915.7596214     5265.6872547
114       113.0000000       52.3507224      -62.7255107      385.7317681     3466.8894355     2262.3434995     5332.1426518
115       114.0000000       52.9238622      -56.6186289      386.4214005     3153.8830450     2598.4104248     5373.7389066
116       115.0000000       53.1499776      -50.3950782      387.0492386     2826.2193897     2922.4015816     5390.2892098
117       116.0000000       53.0228209      -44.1577998      387.6114389     2485.4247736     3232.8149506     5381.7231996
118       117.0000000       52.5462062      -38.0113002      388.1059529     2133.0854924     3528.2121469     5348.0871543
119       118.0000000       51.7334969      -32.0500553      388.5325245     1770.8404748     3807.2249762     5289.5436641
120       119.0000000       50.6058871      -26.3495083      388.8926514     1400.3737302     4068.5616486     5206.3707916
121       120.0000000       49.1899612      -20.9614914      389.1895141     1023.4065774     4311.0126689     5098.9607162
122       121.0000000       47.5151221      -15.9141640      389.4278715      641.6897305     4533.4563465     4967.8178765
123       122.0000000       45.6113562      -11.2152230      389.6139266      256.9952549     4734.8639160     4813.5566141
124       123.0000000       43.5075776       -6.8567001      389.7551641     -128.8915936     4914.3042573     4636.8983193
125       124.0000000       41.2305857       -2.8199345      389.8601629     -514.1805787     5070.9481724     4438.6680987
126       125.0000000       38.8045442        0.9201297      389.9383874     -897.0847257     5204.0722101     4219.7909727
127       126.0000000       36.2508359        4.3916527      389.9999605    -1275.8285826     5313.0620258     3981.2876018
128       127.0000000       33.5881616        7.6236081      390.0554235    -1648.6564128     5397.4152387     3724.2695840
129       128.0000000       30.8327721       10.6443280      390.1154871    -2013.8403434     5456.7437893     3449.9343062
130       129.0000000       27.9987601       13.4806732      390.1907775    -2369.6883803     5490.7757673     3159.5594000
131       130.0000000       25.0983652       16.1576396      390.2915843    -2714.5522733     5499.3567022     2854.4968110
132       131.0000000       22.1422653       18.6982487      390.4276129    -3046.8352069     5482.4503081     2536.1664949
133       132.0000000       19.1398425       21.1236137      390.6077490    -3364.9992443     5440.1386667     2206.0497922
134       133.0000000       16.0994192       23.4531065      390.8398374    -3667.5725041     5372.6218524     1865.6825029
135       134.0000000       13.0284631       25.7045780      391.1304824    -3953.1560453     5280.2169881     1516.6476735
136       135.0000000        9.9337674       27.8946019      391.4848714    -4220.4303846     5163.3567438     1160.5681772
137       136.0000000        6.8216071       30.0387262      391.9066274    -4468.1616564     5022.5872709      799.0990725
138       137.0000000        3.6978774       32.1517222      392.3976937    -4695.2073427     4858.5655927      433.9198231
139       138.0000000        0.5682189       34.2478297      392.9582513    -4900.5215610     4672.0564616       66.7264049
140       139.0000000       -2.5618669       36.3409963      393.5866734    -5083.1598887     4463.9286873     -300.7766795
141       140.0000000       -5.6869072       38.4451141      394.2795168    -5242.2836726     4235.1509820     -666.8843852
142       141.0000000       -8.8013477       40.5742547      395.0315502    -5377.1638337     3986.7873152    -1029.8991263
143       142.0000000      -11.8994406       42.7429060      395.8358199    -5487.1841236     3719.9918312    -1388.1386996
144       143.0000000      -14.9751240       44.9662133      396.6837508    -5571.8438303     3436.0033508    -1739.9441118
145       144.0000000      -18.0218904       47.2602239      397.5652810    -5630.7599273     3136.1394747    -2083.6872839
146       145.0000000      -21.0326399       49.6421345      398.4690267    -5663.6686482     2821.7903473    -2417.7785614
147       146.0000000      -23.9995119       52.1305347      399.3824756    -5670.4264938     2494.4121072    -2740.6740109
148       147.0000000      -26.9136935       54.7456334      400.2922027    -5651.0106717     2155.5200407    -3050.8824849
149       148.0000000      -29.7651998       57.5094459      401.1841057    -5605.5189712     1806.6815211    -3346.9723811
150       149.0000000      -32.5426242       60.4459013      402.0436555    -5534.1690836     1449.5087163    -3627.5781168
151       150.0000000      -35.2328629       63.5808099      402.8561559    -5437.2973794     1085.6511493    -3891.4062517
152       151.0000000      -37.8208196       66.9415979      403.6070089    -5315.3571581      716.7881280    -4137.2412529
153       152.0000000      -40.2891120       70.5566810      404.2819797    -5168.9163805      344.6210653    -4363.9508940
154       153.0000000      -42.6178159       74.4543053      404.8674575    -4998.6549082      -29.1342444    -4570.4912444
155       154.0000000      -44.7843077       78.6606578      405.3507065    -4805.3612707     -402.7553736    -4755.9112498
156       155.0000000      -46.7632962       83.1970614      405.7201040    -4589.9289658     -774.5210250    -4919.3568987
157       156.0000000      -48.5271652       88.0761694      405.9653608    -4353.3523390    -1142.7187293    -5060.0749403
158       157.0000000      -50.0467661       93.2973279      406.0777201    -4096.7220345    -1505.6525087    -5177.4161741
159       158.0000000      -51.2927758       98.8417053      406.0501324    -3821.2200624    -1861.6504285    -5270.8382803
160       159.0000000      -52.2376502      104.6683356      405.8774029    -3528.1144970    -2209.0720332    -5339.9081974
161       160.0000000      -52.8580279      110.7126519      405.5563094    -3218.7538110    -2546.3156564    -5384.3040441
162       161.0000000      -53.1372221      116.8889885      405.0856883    -2894.5608925    -2871.8255486    -5403.8165718
163       162.0000000      -53.0672615      123.0976030      404.4664881    -2557.0267546    -3184.0988166    -5398.3501527
164       163.0000000      -52.6499409      129.2351716      403.7017885    -2207.7039395    -3481.6921683    -5367.9232967
165       164.0000000      -51.8965721      135.2062220      402.7967846    -1848.1996812    -3763.2283986    -5312.6686952
166       165.0000000      -50.8265112      140.9325392      401.7587376    -1480.1687955    -4027.4026416    -5232.8327877
167       166.0000000      -49.4648843      146.3584955      400.5968898    -1105.3063640    -4272.9883277    -5128.7748513
168       167.0000000      -47.8400759      151.4519062      399.3223481     -725.3402172    -4498.8428387    -5000.9656113
169       168.0000000      -45.9814668      156.2014195      397.9479345     -342.0232225    -4703.9128464    -4849.9853661
170       169.0000000      -43.9177006      160.6120428      396.4880079       42.8745622    -4887.2392886    -4676.5216336
171       170.0000000      -41.6755490      164.7002557      394.9582576      427.5738590    -5047.9619696    -4481.3663200
172       171.0000000      -39.2793039      168.4896468      393.3754740      810.2942569    -5185.3237692    -4265.4123992
173       172.0000000      -36.7505665      172.0074872      391.7572968     1189.2623329    -5298.6744113    -4029.6501328
174       173.0000000      -34.1082985      175.2822921      390.1219482     1562.7198331    -5387.4737927    -3775.1628062
175       174.0000000      -31.3690236      178.3422341      388.4879520     1928.9318309    -5451.2948290    -3503.1220169
176       175.0000000      -28.5471022     -178.7857902      386.8738460     2286.1948412    -5489.8258022    -3214.7825169
177       176.0000000      -25.6550277     -176.0766306      385.2978910     2632.8448714    -5502.8721901    -2911.4766106
178       177.0000000      -22.7037142     -173.5070463      383.7777827     2967.2653298    -5490.3579506    -2594.6081519
179       178.0000000      -19.7027630     -171.0556749      382.3303709     3287.8947692    -5452.3262492    -2265.6461519
180       179.0000000      -16.6606995     -168.7028882      380.9713922     3593.2344368    -5388.9396115    -1926.1180062
181       180.0000000      -13.5851821     -166.4305853      379.7152205     3881.8555438    -5300.4794927    -1577.6024112
182       181.0000000      -10.4831836     -164.2219560      378.5746417     4152.4062605    -5187.3452513    -1221.7219552
183       182.0000000       -7.3611511     -162.0612332      377.5606549     4403.6183517    -5050.0525295     -860.1354615
184       183.0000000       -4.2251467     -159.9334444      376.6823068     4634.3134280    -4889.2310408     -494.5301095
185       184.0000000       -1.0809739     -157.8241656      375.9465611     4843.4087835    -4705.6217613     -126.6133553
186       185.0000000        2.0657043     -155.7192806      375.3582054     5029.9227507    -4500.0735542      241.8952546
187       186.0000000        5.2092541     -153.6047414      374.9197991     5192.9795717    -4273.5392194      609.2723854
188       187.0000000        8.3439601     -151.4663301      374.6316622     5331.8137282    -4027.0710082      973.7992372
189       188.0000000       11.4639116     -149.2894185      374.4919049     5445.7737126    -3761.8156229     1333.7698572
190       189.0000000       14.5628817     -147.0587230      374.4964981     5534.3252242    -3479.0087154     1687.4994109
191       190.0000000       17.6341954     -144.7580549      374.6393829     5597.0537560    -3179.9689399     2033.3323264
192       191.0000000       20.6705810     -142.3700680      374.9126160     5633.6665699    -2866.0915885     2369.6502838
193       192.0000000       23.6640012     -139.8760077      375.3065483     5643.9940508    -2538.8418285     2694.8800209
194       193.0000000       26.6054598     -137.2554771      375.8100330     5627.9904289    -2199.7476252     3007.5008650
195       194.0000000       29.4847792     -134.4862410      376.4106578     5585.7338792    -1850.3923425     3306.0520058
196       195.0000000       32.2903483     -131.5441079      377.0949968     5517.4259978    -1492.4071087     3589.1394244
197       196.0000000       35.0088419     -128.4029516      377.8488773     5423.3906700    -1127.4629755     3855.4424645
198       197.0000000       37.6249199     -125.0349661      378.6576548     5304.0723370     -757.2628974     4103.7200267
199       198.0000000       40.1209272     -121.4112850      379.5064921     5160.0336860     -383.5336095     4332.8163300
200       199.0000000       42.4766301     -117.5031416      380.3806364     4991.9527815       -8.0174316     4541.6662343
201       200.0000000       44.6690507     -113.2837743      381.2656889     4800.6196524      367.5359809     4729.3001108
202       201.0000000       46.6724941     -108.7312727      382.1478630     4586.9323782      741.3778484     4894.8482189
203       202.0000000       48.4588920     -103.8324583      383.0142252     4351.8926761     1111.7684616     5037.5446050
204       203.0000000       49.9986077      -98.5876373      383.8529155     4096.6010382     1476.9852723     5156.7304890
205       204.0000000       51.2618234      -93.0156165      384.6533440     3822.2514404     1835.3308679     5251.8571427
206       205.0000000       52.2205432      -87.1578016      385.4063587     3530.1256372     2185.1408103     5322.4882562
207       206.0000000       52.8510636      -81.0797441      386.1043839     3221.5870954     2524.7912764     5368.3017790
208       207.0000000       53.1365353      -74.8685953      386.7415263     2898.0745854     2852.7064882     5389.0912427
209       208.0000000       53.0690575      -68.6258839      387.3136474     2561.0954410     3167.3659204     5384.7665622
210       209.0000000       52.6507427      -62.4567100      387.8184007     2212.2185589     3467.3112173     5355.3543148
211       210.0000000       51.8934356      -56.4579924      388.2552349     1853.0671148     3751.1528432     5300.9975010
212       211.0000000       50.8171697      -50.7088516      388.6253613     1485.3110699     4017.5764010     5221.9547891
213       212.0000000       49.4478071      -45.2652308      388.9316881     1110.6594797     4265.3486126     5118.5992503
214       213.0000000       47.8144493      -40.1591320      389.1787212      730.8526166     4493.3229492     4991.4165817
215       214.0000000       45.9471221      -35.4013922      389.3724354      347.6539720     4700.4448636     4841.0028328
216       215.0000000       43.8750134      -30.9863267      389.5201157      -37.1578477     4885.7566165     4668.0616394
217       216.0000000       41.6253325      -26.8967489      389.6301746     -421.7973205     5048.4016851     4473.4009646
218       217.0000000       39.2227094      -23.1084181      389.7119457     -804.4802178     5187.6287062     4257.9293777
219       218.0000000       36.6889969      -19.5935071      389.7754602    -1183.4318520     5302.7949633     4022.6518565
220       219.0000000       34.0433370      -16.3230529      389.8312085    -1556.8952735     5393.3693765     3768.6651513
221       220.0000000       31.3023758      -13.2685389      389.8898917    -1923.1394028     5458.9349867     3497.1527190
222       221.0000000       28.4805504      -10.4028153      389.9621692    -2280.4670772     5499.1909216     3209.3792328
223       222.0000000       25.5903931       -7.7005549      390.0584046    -2627.2229374     5513.9538203     2906.6847131
224       223.0000000       22.6428269       -5.1384014      390.1884182    -2961.8011336     5503.1587116     2590.4782940
225       224.0000000       19.6474362       -2.6949274      390.3612480    -3282.6528298     5466.8593342     2262.2316356
226       225.0000000       16.6127076       -0.3504796      390.5849264    -3588.2934223     5405.2278947     1923.4720530
227       226.0000000       13.5462407        1.9130344      390.8662764    -3877.3094857     5318.5542568     1575.7753444
228       227.0000000       10.4549315        4.1123879      391.2107308    -4148.3653663     5207.2445666     1220.7583974
229       228.0000000        7.3451332        6.2632858      391.6221801    -4400.2094067     5071.8193196      860.0715936
230       229.0000000        4.2227966        8.3806149      392.1028510    -4631.6797764     4912.9108673      495.3910320
231       230.0000000        1.0935978       10.4786892      392.6532187    -4841.7098472     4731.2603942      128.4106589
232       231.0000000       -2.0369455       12.5714908      393.2719545    -5029.3331194     4527.7143588     -239.1657094
233       232.0000000       -5.1633622       14.6729066      393.9559117    -5193.6876448     4303.2204378     -605.6323815
234       233.0000000       -8.2801187       16.7969633      394.7001472    -5334.0199358     4058.8229893     -969.2897792
235       234.0000000      -11.3815068       18.9580645      395.4979812    -5449.6883498     3795.6580514    -1328.4523935
236       235.0000000      -14.4615253       21.1712301      396.3410928    -5540.1659163     3514.9479238    -1681.4566320
237       236.0000000      -17.5137503       23.4523410      397.2196485    -5605.0426081     3217.9953572    -2026.6685342
238       237.0000000      -20.5311912       25.8183862      398.1224634    -5644.0270506     2906.1773671    -2362.4913346
239       238.0000000      -23.5061266       28.2877076      399.0371891    -5656.9476568     2580.9387461    -2687.3727891
240       239.0000000      -26.4299167       30.8802309      399.9505265    -5643.7531993     2243.7852637    -2999.8122859
241       240.0000000      -29.2927878       33.6176614      400.8484589    -5604.5128161     1896.2766319    -3298.3676623
242       241.0000000      -32.0835890       36.5236077      401.7164994    -5539.4154641     1540.0192585    -3581.6617184
243       242.0000000      -34.7895190       39.6235791      402.5399503    -5448.7688241     1176.6588085    -3848.3884126
244       243.0000000      -37.3958341       42.9447664      403.3041677    -5332.9976780      807.8726424    -4097.3186883
245       244.0000000      -39.8855520       46.5154865      403.9948266    -5192.6417706      435.3621533    -4327.3059259
246       245.0000000      -42.2391860       50.3641262      404.5981832    -5028.3531679       60.8450164    -4537.2910137
247       246.0000000      -44.4345658       54.5173880      405.1013280    -4840.8931454     -313.9525668    -4726.3069913
248       247.0000000      -46.4468298       58.9976478      405.4924263    -4631.1286059     -687.3036553    -4893.4832891
249       248.0000000      -48.2487064       63.8193137      405.7609416    -4400.0280655    -1057.4883074    -5038.0495235
250       249.0000000      -49.8112219       68.9842986      405.8978389    -4148.6572246    -1422.8012628    -5159.3388526
251       250.0000000      -51.1049592       74.4771229      405.8957636    -3878.1741297    -1781.5595570    -5256.7908900
252       251.0000000      -52.1019162       80.2607027      405.7491937    -3589.8239701    -2132.1100068    -5329.9541569
253       252.0000000      -52.7778542       86.2743524      405.4545630    -3284.9335225    -2472.8365611    -5378.4880774
254       253.0000000      -53.1148093       92.4355497      405.0103524    -2964.9052442    -2802.1675093    -5402.1645130
255       254.0000000      -53.1032498       98.6462304      404.4171492    -2631.2110777    -3118.5824795    -5400.8688262
256       255.0000000      -52.7433223      104.8028506      403.6776715    -2285.3859381    -3420.6192570    -5374.6004769
257       256.0000000      -52.0448253      110.8078768      402.7967589    -1929.0209441    -3706.8803553    -5323.4731437
258       257.0000000      -51.0259187      116.5797134      401.7813282    -1563.7563997    -3976.0393379    -5247.7143722
259       258.0000000      -49.7109440      122.0587868      400.6402948    -1191.2745297    -4226.8468769    -5147.6647423
260       259.0000000      -48.1279140      127.2091075      399.3844610     -813.2920240    -4458.1365004    -5023.7765567
261       260.0000000      -46.3061828      132.0161305      398.0263722     -431.5524003    -4668.8300194    -4876.6120515
262       261.0000000      -44.2746147      136.4824805      396.5801427      -47.8181882    -4857.9426187    -4706.8411166
263       262.0000000      -42.0603507      140.6230519      395.0612546      336.1369882    -5024.5875602    -4515.2385468
264       263.0000000      -39.6881217      144.4605169      393.4863313      718.5364602    -5167.9805049    -4302.6808012
265       264.0000000      -37.1799813      148.0217309      391.8728897     1097.6086174    -5287.4434025    -4070.1422952
266       265.0000000      -34.5553213      151.3351354      390.2390749     1471.5950483    -5382.4079357    -3818.6912256
267       266.0000000      -31.8310550      154.4290429      388.6033820     1838.7587039    -5452.4184978    -3549.4849235
268       267.0000000      -29.0218839      157.3306081      386.9843690     2197.3920098    -5497.1346679    -3263.7647682
269       268.0000000      -26.1405926      160.0652924      385.4003658     2545.8249059    -5516.3331705    -2962.8506687
270       269.0000000      -23.1983400      162.6566586      383.8691852     2882.4327914    -5509.9092982    -2648.1351130
271       270.0000000      -20.2049292      165.1263761      382.4078410     3205.6442854    -5477.8777735    -2321.0768457
272       271.0000000      -17.1690502      167.4943502      381.0322772     3513.9488151    -5420.3730410    -1983.1941535
273       272.0000000      -14.0984927      169.7789221      379.7571159     3805.9039413    -5337.6489724    -1636.0578253
274       273.0000000      -11.0003326      171.9971009      378.5954268     4080.1423960    -5230.0779817    -1281.2838081
275       274.0000000       -7.8810948      174.1648117      377.5585248     4335.3788034    -5098.1495375     -920.5255727
276       275.0000000       -4.7468966      176.2971435      376.6557972     4570.4160023    -4942.4680857     -555.4662768
277       276.0000000       -1.6035768      178.4085960      375.8945681     4784.1509740    -4763.7503710     -187.8107120
278       277.0000000        1.5431857     -179.4866784      375.2799983     4975.5803000    -4562.8221809      180.7228738
279       278.0000000        4.6877594     -177.3746354      374.8150265     5143.8051314    -4340.6145247      548.4110491
280       279.0000000        7.8244496     -175.2411003      374.5003510     5288.0356424    -4098.1592521      913.5335373
281       280.0000000       10.9473855     -173.0715280      374.3344528     5407.5949232    -3836.5841558     1274.3815354
282       281.0000000       14.0504010     -170.8507592      374.3136592     5501.9222977    -3557.1075790     1629.2659817
283       282.0000000       17.1269045     -168.5627709      374.4322467     5570.5760518    -3261.0325430     1976.5257427
284       283.0000000       20.1697333     -166.1904243      374.6825813     5613.2355427    -2949.7404664     2314.5356228
285       284.0000000       23.1709890     -163.7152131      375.0552911     5629.7026943    -2624.6844713     2641.7142083
286       285.0000000       26.1218480     -161.1170250      375.5394702     5619.9028635    -2287.3823540     2956.5314530
287       286.0000000       29.0123439     -158.3739377      376.1229072     5583.8850836    -1939.4092501     3257.5159852
288       287.0000000       31.8311204     -155.4620839      376.7923340     5521.8216848    -1582.3900195     3543.2621105
289       288.0000000       34.5651550     -152.3556447      377.5336907     5434.0073045    -1217.9914299     3812.4364453
290       289.0000000       37.1994606     -149.0270575      378.3323994     5320.8572994     -847.9141667     4063.7841653
291       290.0000000       39.7167830     -145.4475644      379.1736435     5182.9055706     -473.8846958     4296.1348552
292       291.0000000       42.0973277     -141.5882691      380.0426447     5020.8018334      -97.6470692     4508.4078986
293       292.0000000       44.3185726     -137.4219046      380.9249350     4835.3083368      279.0453401     4699.6174293
294       293.0000000       46.3552554     -132.9255138      381.8066166     4627.2960723      654.4380864     4868.8767933
295       294.0000000       48.1796551     -128.0841617      382.6746063     4397.7404947     1026.7838608     5015.4025222
296       295.0000000       49.7623109     -122.8955726      383.5168594     4147.7167676     1394.3506448     5138.5178135
297       296.0000000       51.0733082     -117.3751694      384.3225706     3878.3945832     1755.4297355     5237.6554925
298       297.0000000       52.0841845     -111.5604300      385.0823463     3591.0325765     2108.3436274     5312.3604608
299       298.0000000       52.7703422     -105.5129746      385.7883490     3286.9723458     2451.4537387     5362.2916306
300       299.0000000       53.1136320      -99.3167736      386.4344079     2967.6321452     2783.1679049     5387.2233301
301       300.0000000       53.1045665      -93.0716697      387.0160972     2634.5002341     3101.9476664     5387.0461937
302       301.0000000       52.7435863      -86.8830123      387.5307796     2289.1279486     3406.3152785     5361.7675255
303       302.0000000       52.0410070      -80.8498396      387.9776144     1933.1225123     3694.8604371     5311.5111482
304       303.0000000       51.0156609      -75.0547200      388.3575313     1568.1395949     3966.2467076     5236.5167312
305       304.0000000       49.6926309      -69.5575986      388.6731696     1195.8756828     4219.2176056     5137.1386086
306       305.0000000       48.1006599      -64.3943162      388.9287849      818.0602743     4452.6023202     5013.8440898
307       306.0000000       46.2697633      -59.5789119      389.1301245      436.4479103     4665.3210704     4867.2112632
308       307.0000000       44.2293661      -55.1080744      389.2842737       52.8101198     4856.3900389     4697.9263128
309       308.0000000       42.0070622      -50.9661817      389.3994764     -331.0727457     5024.9258986     4506.7803384
310       309.0000000       39.6279326      -47.1298853      389.4849330     -713.4197080     5170.1498817     4294.6657059
311       310.0000000       37.1142919      -43.5717505      389.5505785    -1092.4573726     5291.3913837     4062.5719346
312       311.0000000       34.4857195      -40.2628677      389.6068469    -1466.4281364     5388.0910872     3811.5811237
313       312.0000000       31.7592565      -37.1745643      389.6644236    -1833.5983211     5459.8035753     3542.8629533
314       313.0000000       28.9496848      -34.2794200      389.7339933    -2192.2662125     5506.1994250     3257.6692719
315       314.0000000       26.0698312      -31.5517872      389.8259859    -2540.7699858     5527.0667688     2957.3282746
316       315.0000000       23.1308661      -28.9679811      389.9503273    -2877.4954316     5522.3123042     2643.2383335
317       316.0000000       20.1425781      -26.5062624      390.1161989    -3200.8834986     5491.9617487     2316.8614620
318       317.0000000       17.1136203      -24.1466967      390.3318110    -3509.4375679     5436.1597278     1979.7164820
319       318.0000000       14.0517262      -21.8709488      390.6041956    -3801.7304395     5355.1690988     1633.3719103
320       319.0000000       10.9638969      -19.6620433      390.9390217    -4076.4110089     5249.3697017     1279.4385827
321       320.0000000        7.8565656      -17.5041148      391.3404380    -4332.2105569     5119.2565524      919.5620955
322       321.0000000        4.7357413      -15.3821571      391.8109462    -4567.9486652     4965.4374724      555.4150515
323       322.0000000        1.6071376      -13.2817767      392.3513074    -4782.5386876     4788.6301772      188.6891950
324       323.0000000       -1.5237083      -11.1889515      392.9604846    -4974.9927631     4589.6588375     -178.9125376
325       324.0000000       -4.6513245       -9.0897933      393.6356212    -5144.4263543     4369.4501205     -545.6840293
326       325.0000000       -7.7701943       -6.9703124      394.3720576    -5290.0622660     4129.0287495     -909.9239764
327       326.0000000      -10.8746452       -4.8161815      395.1633844    -5411.2341373     3869.5126038    -1269.9438401
328       327.0000000      -13.9587316       -2.6124965      396.0015326    -5507.3893983     3592.1073705    -1624.0757325
329       328.0000000      -17.0161074       -0.3435323      396.8768966    -5578.0916600     3298.1008139    -1970.6801484
330       329.0000000      -20.0398846        2.0075037      397.7784905    -5623.0225506     2988.8566547    -2308.1535604
331       330.0000000      -23.0224726        4.4587178      398.6941319    -5641.9829798     2665.8081295    -2634.9357925
332       331.0000000      -25.9553948        7.0297640      399.6106512    -5634.8938384     2330.4512545    -2949.5171564
333       332.0000000      -28.8290780        9.7420479      400.5141215    -5601.7961352     1984.3378135    -3250.4453330
334       333.0000000      -31.6326130       12.6188655      401.3901043    -5542.8505773     1629.0681385    -3536.3319372
335       334.0000000      -34.3534868       15.6854258      402.2239073    -5458.3366066     1266.2837072    -3805.8587575
336       335.0000000      -36.9772922       18.9686749      403.0008483    -5348.6508999      897.6595734    -4057.7836575
337       336.0000000      -39.4874304       22.4968054      403.7065212    -5214.3053566      524.8967148    -4290.9460843
338       337.0000000      -41.8648376       26.2982945      404.3270590    -5055.9245793      149.7142761    -4504.2722051
339       338.0000000      -44.0877860       30.4002777      404.8493882    -4874.2428756     -226.1582109    -4696.7796251
340       339.0000000      -46.1318411       34.8260620      405.2614725    -4670.1008004     -600.9886167    -4867.5816856
341       340.0000000      -47.9700870       39.5916476      405.5525392    -4444.4412462     -973.0500001    -5015.8913408
342       341.0000000      -49.5737547       44.7013224      405.7132855    -4198.3051193    -1340.6283260    -5141.0245845
343       342.0000000      -50.9133855       50.1427668      405.7360625    -3932.8266177    -1702.0301049    -5242.4034317
344       343.0000000      -51.9605935       55.8826345      405.6150314    -3649.2281156    -2055.5899475    -5319.5584522
345       344.0000000      -52.6903510       61.8640794      405.3462917    -3348.8147092    -2399.6779595    -5372.1308372
346       345.0000000      -53.0835050       68.0078235      404.9279783    -3032.9684026    -2732.7070111    -5399.8740107
347       346.0000000      -53.1290328       74.2177191      404.3603253    -2703.1419910    -3053.1398097    -5402.6547689
348       347.0000000      -52.8254690       80.3903227      403.6456973    -2360.8526474    -3359.4957717    -5380.4539532
349       348.0000000      -52.1810973       86.4263577      402.7885846    -2007.6752176    -3650.3576865    -5333.3666494
350       349.0000000      -51.2128481       92.2410883      401.7955650    -1645.2352735    -3924.3781170    -5261.6019112
351       350.0000000      -49.9442277       97.7711234      400.6752311    -1275.2019340    -4180.2855328    -5165.4820084
352       351.0000000      -48.4028224      102.9766927      399.4380833     -899.2804545    -4416.8901627    -5045.4411908
353       352.0000000      -46.6179110      107.8400118      398.0963915     -519.2046552    -4633.0895104    -4902.0239773
354       353.0000000      -44.6185404      112.3612422      396.6640256     -136.7291573    -4827.8735475    -4735.8829566
355       354.0000000      -42.4321947      116.5536077      395.1562587      246.3785001    -5000.3295267    -4547.7761099
356       355.0000000      -40.0840274      120.4387879      393.5895440      628.3458517    -5149.6464054    -4338.5636579
357       356.0000000      -37.5965347      124.0431627      391.9812708     1007.4035963    -5275.1188584    -4109.2044212
358       357.0000000      -34.9895343      127.3950565      390.3495016     1381.7937153    -5376.1508405    -3860.7517187
359       358.0000000      -32.2803274      130.5228913      388.7126955     1749.7776041    -5452.2586815    -3594.3488067
360       359.0000000      -29.4839570      133.4540603      387.0894220     2109.6441988    -5503.0736952    -3311.2238510
361       360.0000000      -26.6135004      136.2143237      385.4980708     2459.7180103    -5528.3442657    -3012.6844845
362       361.0000000      -23.6803626      138.8275597      383.9565616     2798.3670835    -5527.9374026    -2700.1119219
363       362.0000000      -20.6945508      141.3157412      382.4820608     3124.0107903    -5501.8397385    -2374.9546914
364       363.0000000      -17.6649214      143.6990501      381.0907083     3435.1274347    -5450.1579563    -2038.7219941
365       364.0000000      -14.5993977      145.9960683      379.7973626     3730.2616402    -5373.1186306    -1692.9767001
366       365.0000000      -11.5051606      148.2240067      378.6153655     4008.0314345    -5271.0674785    -1339.3280589
367       366.0000000       -8.3888147      150.3989509      377.5563353     4267.1350353    -5144.4680069     -979.4241064
368       367.0000000       -5.2565349      152.5361106      376.6299892     4506.3572556    -4993.8995635     -614.9438522
369       368.0000000       -2.1141976      154.6500660      375.8440004     4724.5755030    -4820.0547935     -247.5892718
370       369.0000000        1.0324998      156.7550113      375.2038930     4920.7653454    -4623.7365023      120.9228684
371       370.0000000        4.1779250      158.8649937      374.7129759     5094.0055803    -4405.8539505      488.8692730
372       371.0000000        7.3164006      160.9941519      374.3723180     5243.4827928    -4167.4185951      854.5284354
373       372.0000000       10.4420918      163.1569562      374.1807642     5368.4953755    -3909.5392864     1216.1889803
374       373.0000000       13.5488881      165.3684512      374.1349929     5468.4569670    -3633.4169777     1572.1579352
375       374.0000000       16.6302756      167.6445047      374.2296126     5542.8993105    -3340.3389412     1920.7689376
376       375.0000000       19.6791941      170.0020595      374.4572959     5591.4744992    -3031.6725589     2260.3902827
377       376.0000000       22.6878759      172.4593858      374.8089476     5613.9566070    -2708.8587123     2589.4327848
378       377.0000000       25.6476598      175.0363229      375.2739034     5610.2426976    -2373.4047984     2906.3574230
379       378.0000000       28.5487797      177.7544914      375.8401549     5580.3532075    -2026.8774409     3209.6826961
380       379.0000000       31.3801209     -179.3625582      376.4945955     5524.4317101    -1670.8949296     3497.9916670
381       380.0000000       34.1289488     -176.2893124      377.2232830     5442.7440657    -1307.1194115     3769.9386728
382       381.0000000       36.7806131     -172.9984608      378.0117124     5335.6769740     -937.2489262     4024.2556321
383       382.0000000       39.3182441     -169.4613788      378.8450943     5203.7359377     -563.0092735     4259.7579639
384       383.0000000       41.7224715     -165.6490897      379.7086333     5047.5426626     -186.1458049     4475.3500585
385       384.0000000       43.9712181     -161.5339036      380.5878008     4867.8319158      191.5848369     4670.0302927
386       385.0000000       46.0396513     -157.0919385      381.4685970     4665.4478549      568.4230081     4842.8955829
387       386.0000000       47.9004085     -152.3066660      382.3377984     4441.3398688      942.6143063     4993.1454375
388       387.0000000       49.5242345     -147.1734224      383.1831856     4196.5579513     1312.4177482     5120.0855132
389       388.0000000       50.8811706     -141.7044420      383.9937473     3932.2476216     1676.1138636     5223.1306688
390       389.0000000       51.9423624     -135.9334220      384.7598583     3649.6444503     2032.0126253     5301.8074943
391       390.0000000       52.6824079     -129.9180951      385.4734278     3350.0681807     2378.4612395     5355.7563306
392       391.0000000       53.0819470     -123.7391497      386.1280165     3034.9165089     2713.8517187     5384.7327610
393       392.0000000       53.1299752     -117.4945024      386.7189194     2705.6585373     3036.6282294     5388.6085837
394       393.0000000       52.8252978     -111.2894282      387.2432150     2363.8279150     3345.2942011     5367.3722632
395       394.0000000       52.1766990     -105.2247639      387.6997798     2011.0157230     3638.4191391     5321.1288598
396       395.0000000       51.2017761      -99.3862854      388.0892667     1648.8631198     3914.6451333     5250.0994441
397       396.0000000       49.9247814      -93.8378129      388.4140503     1279.0537563     4172.6930535     5154.6199950
398       397.0000000       48.3740437      -88.6190032      388.6781384      903.3060368     4411.3683678     5035.1397929
399       398.0000000       46.5795193      -83.7471460      388.8870523      523.3651989     4629.5666070     4892.2193042
400       399.0000000       44.5708329      -79.2213837      389.0476775      140.9952909     4826.2784159     4726.5275724
401       400.0000000       42.3759362      -75.0277451      389.1680885     -242.0289397     5000.5941843     4538.8391242
402       401.0000000       40.0203452      -71.1438493      389.2573496     -623.9302337     5151.7082457     4330.0303874
403       402.0000000       37.5268269      -67.5427130      389.3252962    -1002.9370114     5278.9226009     4101.0756501
404       403.0000000       34.9153936      -64.1955230      389.3823008    -1377.2915539     5381.6501621     3853.0425678
405       404.0000000       32.2034797      -61.0734802      389.4390273    -1745.2581542     5459.4174997     3587.0872210
406       405.0000000       29.4062125      -58.1489134      389.5061785    -2105.1311545     5511.8670625     3304.4487723
407       406.0000000       26.5367146      -55.3958663      389.5942430    -2455.2428886     5538.7588703     3006.4437053
408       407.0000000       23.6064049      -52.7903324      389.7132438    -2793.9714431     5539.9716548     2694.4597034
409       408.0000000       20.6252783      -50.3102635      389.8724966    -3119.7482170     5515.5034458     2369.9491818
410       409.0000000       17.6021565      -47.9354453      390.0803805    -3431.0652583     5465.4715912     2034.4224844
411       410.0000000       14.5449084      -45.6472987      390.3441272    -3726.4822961     5390.1122087     1689.4408202
412       411.0000000       11.4606423      -43.4286443      390.6696325    -4004.6334792     5289.7790657     1336.6089218
413       412.0000000        8.3558735      -41.2634531      391.0612941    -4264.2337449     5164.9418936      977.5675073
414       413.0000000        5.2366708      -39.1365960      391.5218801    -4504.0848000     5016.1841434      613.9855666
415       414.0000000        2.1087882      -37.0335954      392.0524300    -4723.0806917     4844.2001857      247.5524966
416       415.0000000       -1.0222158      -34.9403837      392.6521907    -4920.2129148     4649.7919806     -120.0298403
417       416.0000000       -4.1508651      -32.8430653      393.3185899    -5094.5750414     4433.8652318     -487.0551081
418       417.0000000       -7.2716569      -30.7276807      394.0472463    -5245.3668578     4197.4250356     -851.8205146
419       418.0000000      -10.3789504      -28.5799709      394.8320172    -5371.8979638     3941.5710753    -1212.6347650
420       419.0000000      -13.4668512      -26.3851381      395.6650827    -5473.5908468     3667.4923564    -1567.8259659
421       420.0000000      -16.5290853      -24.1276034      396.5370638    -5549.9833947     3376.4615427    -1915.7493913
422       421.0000000      -19.5588610      -21.7907596      397.4371737    -5600.7308515     3069.8289169    -2254.7950890
423       422.0000000      -22.5487105      -19.3567245      398.3533977    -5625.6072110     2749.0159827    -2583.3953077
424       423.0000000      -25.4903113      -16.8061039      399.2726983    -5624.5060413     2415.5087761    -2900.0316738
425       424.0000000      -28.3742798      -14.1177815      400.1812426    -5597.4407490     2070.8509074    -3203.2421047
426       425.0000000      -31.1899362      -11.2687659      401.0646457    -5544.5442868     1716.6363544    -3491.6274412
427       426.0000000      -33.9250414       -8.2341455      401.9082270    -5466.0683161     1354.5020891    -3763.8577335
428       427.0000000      -36.5655092       -4.9872257      402.6972740    -5362.3818317      986.1205204    -4018.6782020
429       428.0000000      -39.0951085       -1.4999597      403.4173076    -5233.9692699      613.1918357    -4254.9148128
430       429.0000000      -41.4951830        2.2561766      404.0543464    -5081.4281149      237.4362582    -4471.4794666
431       430.0000000      -43.7444361        6.3086779      404.5951631    -4905.4660126     -139.4137628    -4667.3747940
432       431.0000000      -45.8188561       10.6816715      405.0275299    -4706.8974259     -515.6213617    -4841.6985205
433       432.0000000      -47.6918900       15.3925989      405.3404480    -4486.6398438     -889.4530527    -4993.6474044
434       433.0000000      -49.3349991       20.4479402      405.5243578    -4245.7095562    -1259.1865011    -5122.5207444
435       434.0000000      -50.7187291       25.8383463      405.5713263    -3985.2170392    -1623.1181941    -5227.7234277
436       435.0000000      -51.8143784       31.5340555      405.4752081    -3706.3619400    -1979.5710419    -5308.7685373
437       436.0000000      -52.5962142       37.4819982      405.2317786    -3410.4277101    -2326.9018351    -5365.2794934
438       437.0000000      -53.0439811       43.6062095      404.8388356    -3098.7758982    -2663.5085539    -5396.9917352
439       438.0000000      -53.1452369       49.8126646      404.2962691    -2772.8401070    -2987.8375210    -5403.7539385
440       439.0000000      -52.8969465       55.9983185      403.6060974    -2434.1196613    -3298.3903422    -5385.5287611
441       440.0000000      -52.3058844       62.0624631      402.7724685    -2084.1729971    -3593.7306290    -5342.3931180
442       441.0000000      -51.3877261       67.9174707      401.8016271    -1724.6107721    -3872.4904954    -5274.5379803
443       442.0000000      -50.1650966       73.4962773      400.7018470    -1357.0887629    -4133.3767665    -5182.2676991
444       443.0000000      -48.6651035       78.7553734      399.4833302     -983.3005188    -4375.1769206    -5065.9988462
445       444.0000000      -46.9169029       83.6737029      398.1580726     -604.9698385    -4596.7647047    -4926.2585766
446       445.0000000      -44.9496860       88.2488937      396.7397002     -223.8430779    -4797.1054138    -4763.6825112
447       446.0000000      -42.7912530       92.4924182      395.2432757      158.3187042    -4975.2608193    -4579.0121309
448       447.0000000      -40.4671621       96.4248904      393.6850800      539.7476993    -5130.3936980    -4373.0916965
449       448.0000000      -38.0003418      100.0721554      392.0823706      918.6773893    -5261.7719508    -4146.8646945
450       449.0000000      -35.4110302      103.4623765      390.4531220     1293.3506602    -5368.7722896    -3901.3697988
451       450.0000000      -32.7169143      106.6240543      388.8157505     1662.0279081    -5450.8834499    -3637.7363866
452       451.0000000      -29.9333782      109.5848002      387.1888294     2022.9951579    -5507.7089240    -3357.1795823
453       452.0000000      -27.0737925      112.3706604      385.5907992     2374.5721088    -5538.9691763    -3060.9948747
454       453.0000000      -24.1498101      115.0058204      384.0396765     2715.1200855    -5544.5033268    -2750.5523119
455       454.0000000      -21.1716437      117.5125532      382.5527697     3043.0498713    -5524.2702825    -2427.2902789
456       455.0000000      -18.1483178      119.9113156      381.1464038     3356.8293349    -5478.3492977    -2092.7089211
457       456.0000000      -15.0878911      122.2209308      379.8356615     3654.9908588    -5406.9399505    -1748.3631933
458       457.0000000      -11.9976512      124.4588128      378.6341455     3936.1384839    -5310.3615242    -1395.8556070
459       458.0000000       -8.8842844      126.6412108      377.5537658     4198.9547413    -5189.0517930    -1036.8286966
460       459.0000000       -5.7540253      128.7834584      376.6045578     4442.2071436    -5043.5651986     -672.9572239
461       460.0000000       -2.6127898      130.9002210      375.7945334     4664.7542643    -4874.5704331     -305.9401977
462       461.0000000        0.5337034      133.0057393      375.1295698     4865.5513828    -4682.8474322       62.5072644
463       462.0000000        3.6798186      135.1140696      374.6133369     5043.6556665    -4469.2837799      430.6622052
464       463.0000000        6.8198925      137.2393218      374.2472658     5198.2308290    -4234.8705656      796.8021309
465       464.0000000        9.9481223      139.3958991      374.0305586     5328.5512661    -3980.6976869     1159.2133577
466       465.0000000       13.0584487      141.5987405      373.9602391     5434.0056178    -3707.9486485     1516.1993035
467       466.0000000       16.1444301      143.8635685      374.0312436     5514.0997484    -3417.8948819     1866.0886959
468       467.0000000       19.1991023      146.2071410      374.2365485     5568.4591278    -3111.8896019     2207.2436635
469       468.0000000       22.2148202      148.6475037      374.5673340     5596.8305958    -2791.3612659     2538.0676304
470       469.0000000       25.1830767      151.2042349      375.0131778     5599.0835066    -2457.8066642     2857.0129873
471       470.0000000       28.0942943      153.8986640      375.5622761     5575.2102525    -2112.7836637     3162.5885116
472       471.0000000       30.9375879      156.7540334      376.2016869     5525.3261667    -1757.9036947     3453.3664558
473       472.0000000       33.7004965      159.7955543      376.9175899     5449.6688123    -1394.8239700     3727.9893176
474       473.0000000       36.3686911      163.0502791      377.6955585     5348.5966711    -1025.2395288     3985.1762168
475       474.0000000       38.9256702      166.5466780      378.5208375     5222.5872465     -650.8751301     4223.7288688
476       475.0000000       41.3524724      170.3137652      379.3786216     5072.2345938     -273.4770250     4442.5371397
477       476.0000000       43.6274537      174.3795810      380.2543298     4898.2463053      105.1953177     4640.5841348
478       477.0000000       45.7262067      178.7688210      381.1338692     4701.4399737      483.3775044     4816.9508187
479       478.0000000       47.6217343     -176.5005447      382.0038856     4482.7391454      859.3085112     4970.8201587
480       479.0000000       49.2850122     -171.4216485      382.8519938     4243.1688153     1231.2388898     5101.4807555
481       480.0000000       50.6860842     -166.0037280      383.6669864     3983.8504589     1597.4389099     5208.3299797
482       481.0000000       51.7957725     -160.2768562      384.4390157     3705.9966573     1956.2065530     5290.8765861
483       482.0000000       52.5879561     -154.2949429      385.1597472     3410.9053337     2305.8753456     5348.7428108
484       483.0000000       53.0421508     -148.1353262      385.8224812     3099.9536156     2644.8220183     5381.6659511
485       484.0000000       53.1459083     -141.8937881      386.4222416     2774.5913755     2971.4739272     5389.4994188
486       485.0000000       52.8964404     -135.6752280      386.9558302     2436.3344703     3284.3162279     5372.2132735
487       486.0000000       52.3010054     -129.5819680      387.4218468     2086.7576860     3581.8987921     5329.8942353
488       487.0000000       51.3759390     -123.7027421      387.8206729     1727.4874623     3862.8427992     5262.7451805
489       488.0000000       50.1446162     -118.1051025      388.1544227     1360.1943721     4125.8470275     5171.0841206
490       489.0000000       48.6348993     -112.8324824      388.4268592      986.5854290     4369.6937806     5055.3426729
491       490.0000000       46.8766379     -107.9054552      388.6432794      608.3962383     4593.2544442     4916.0640281
492       491.0000000       44.8996178     -103.3256893      388.8103699      227.3829992     4795.4946579     4753.9004154
493       492.0000000       42.7321221      -99.0809441      388.9360348     -154.6855706     4975.4790587     4569.6100811
494       493.0000000       40.4000840      -95.1498793      389.0292003     -536.0363760     5132.3755874     4364.0537897
495       494.0000000       37.9267126      -91.5060215      389.0995990     -914.9001363     5265.4593422     4138.1908453
496       495.0000000       35.3324477      -88.1206971      389.1575376    -1289.5195436     5374.1159405     3893.0746729
497       496.0000000       32.6351148      -84.9650111      389.2136525    -1658.1574109     5457.8443922     3629.8479424
498       497.0000000       29.8501862      -82.0110606      389.2786588    -2019.1047242     5516.2594478     3349.7372817
499       498.0000000       26.9910808      -79.2325941      389.3630958    -2370.6885798     5549.0934169     3054.0475902
500       499.0000000       24.0694678      -76.6052903      389.4770760    -2711.2799878     5556.1974421     2744.1559581
501       500.0000000       21.0955494      -74.1067963      389.6300406    -3039.3014542     5537.5422124     2421.5052566
502       501.0000000       18.0783176      -71.7166192      389.8305284    -3353.2343598     5493.2181136     2087.5973819
503       502.0000000       15.0257784      -69.4159356      390.0859618    -3651.6260499     5423.4348062     1743.9862227
504       503.0000000       11.9451491      -67.1873607      390.4024539    -3933.0966171     5328.5202342     1392.2703723
505       504.0000000        8.8430285      -65.0146997      390.7846428    -4196.3453516     5208.9190597     1034.0856034
506       505.0000000        5.7255475      -62.8826966      391.2355544    -4440.1567977     5065.1905371      671.0971771
507       506.0000000        2.5985022      -60.7767861      391.7564982    -4663.4063973     4898.0058338      304.9920113
508       507.0000000       -0.5325249      -58.6828503      392.3469981    -4865.0657005     4708.1448037      -62.5292696
509       508.0000000       -3.6620514      -56.5869801      393.0047596    -5044.2070877     4496.4922490     -429.7603139
510       509.0000000       -6.7845849      -54.4752397      393.7256745    -5200.0080102     4264.0336672     -794.9970639
511       510.0000000       -9.8945128      -52.3334307      394.5038624    -5331.7547033     4011.8505299    -1156.5457291
512       511.0000000      -12.9859873      -50.1468536      395.3317494    -5438.8453663     3741.1151137    -1512.7306876
513       512.0000000      -16.0528019      -47.9000657      396.2001817    -5520.7928003     3453.0848999    -1861.9022925
514       513.0000000      -19.0882545      -45.5766346      397.0985712    -5577.2264823     3149.0966000    -2202.4445068
515       514.0000000      -22.0849931      -43.1588910      398.0150716    -5607.8940790     2830.5598302    -2532.7823483
516       515.0000000      -25.0348406      -40.6276894      398.9367801    -5612.6623992     2498.9504554    -2851.3891255
517       516.0000000      -27.9285923      -37.9621916      399.8499613    -5591.5177808     2155.8036794    -3156.7933853
518       517.0000000      -30.7557863      -35.1397027      400.7402887    -5544.5659241     1802.7068691    -3447.5855957
519       518.0000000      -33.5044437      -32.1356045      401.5930997    -5472.0311765     1441.2921941    -3722.4244920
520       519.0000000      -36.1607841      -28.9234580      402.3936579    -5374.2552841     1073.2291015    -3980.0430795
521       520.0000000      -38.7089286      -25.4753800      403.1274195    -5251.6956173      700.2166455    -4219.2542820
522       521.0000000      -41.1306134      -21.7628371      403.7802974    -5104.9228945      323.9757415    -4438.9561919
523       522.0000000      -43.4049605      -17.7580408      404.3389197    -4934.6184188      -53.7586372    -4638.1369190
524       523.0000000      -45.5083751      -13.4361444      404.7908770    -4741.5708387     -431.2453072    -4815.8790344
525       524.0000000      -47.4146721       -8.7784047      405.1249548    -4526.6724714     -806.7446867    -4971.3635695
526       525.0000000      -49.0955632       -3.7763222      405.3313467    -4290.9151836    -1178.5266000    -5103.8735936
527       526.0000000      -50.5216394        1.5635394      405.4018461    -4035.3858738    -1544.8779962    -5212.7973354
528       527.0000000      -51.6639459        7.2148435      405.3300113    -3761.2615682    -1904.1105762    -5297.6308543
529       528.0000000      -52.4961236       13.1282156      405.1113032    -3469.8041383    -2254.5683185    -5357.9802597
530       529.0000000      -52.9968990       19.2310444      404.7431919    -3162.3546832    -2594.6348442    -5393.5634625
531       530.0000000      -53.1524840       25.4316027      404.2252321    -2840.3275873    -2922.7406156    -5404.2114641
532       531.0000000      -52.9583208       31.6275186      403.5591038    -2505.2042563    -3237.3699616    -5389.8691764
533       532.0000000      -52.4196879       37.7169541      402.7486196    -2158.5265920    -3537.0678637    -5350.5957696
534       533.0000000      -51.5509864       43.6096430      401.7996968    -1801.8901767    -3820.4465298    -5286.5645451
535       534.0000000      -50.3739195       49.2350072      400.7202957    -1436.9372308    -4086.1916920    -5198.0623316
536       535.0000000      -48.9150676       54.5458563      399.5203229    -1065.3493489    -4333.0686211    -5085.4884041
537       536.0000000      -47.2034174       59.5178443      398.2115029     -688.8400191    -4559.9278467    -4949.3529172
538       537.0000000      -45.2682666       64.1460050      396.8072185     -309.1469829    -4765.7105317    -4790.2748608
539       538.0000000      -43.1377035       68.4399850      395.3223214       71.9755542    -4949.4534911    -4608.9795354
540       539.0000000      -40.8376722       72.4192623      393.7729180      452.7648548    -5110.2938381    -4406.2955388
541       540.0000000      -38.3915222       76.1090892      392.1761309      831.4576463    -5247.4732074    -4183.1512881
542       541.0000000      -35.8199057       79.5374237      390.5498415     1206.2982092    -5360.3415571    -3940.5710549
543       542.0000000      -33.1408926       82.7328143      388.9124172     1575.5464739    -5448.3605014    -3679.6705455
544       543.0000000      -30.3702070       85.7230688      387.2824281     1937.4861109    -5511.1061612    -3401.6520266
545       544.0000000      -27.5215135       88.5345062      385.6783565     2290.4325944    -5548.2715096    -3107.7989958
546       545.0000000      -24.6067134       91.1916111      384.1183071     2632.7411530    -5559.6681804    -2799.4704472
547       546.0000000      -21.6362263       93.7169514      382.6197198     2962.8146207    -5545.2277308    -2478.0947097
548       547.0000000      -18.6192463       96.1312576      381.1990937     3279.1110996    -5505.0023319    -2145.1629174
549       548.0000000      -15.5639691       98.4535935      379.8717249     3580.1514108    -5439.1648785    -1802.2221279
550       549.0000000      -12.4777904      100.7015775      378.6514651     3864.5263010    -5348.0085028    -1450.8681005
551       550.0000000       -9.3674802      102.8916248      377.5505049     4130.9033324    -5231.9454873    -1092.7378018
552       551.0000000       -6.2393343      105.0391959      376.5791866     4378.0334287    -5091.5055772     -729.5016618
553       552.0000000       -3.0993102      107.1590452      375.7458500     4604.7570470    -4927.3336830     -362.8556026
554       553.0000000        0.0468499      109.2654649      375.0567151     4810.0099021    -4740.1869987        5.4870710
555       554.0000000        3.1935043      111.3725257      374.5158034     4992.8282452    -4530.9315240      373.8039262
556       555.0000000        6.3350005      113.4943153      374.1249002     5152.3536299    -4300.5380276      740.3717102
557       556.0000000        9.4655643      115.6451773      373.8835573     5287.8371501    -4050.0774653     1103.4746795
558       557.0000000       12.5791834      117.8399537      373.7891381     5398.6431285    -3780.7158672     1461.4129188
559       558.0000000       15.6694833      120.0942314      373.8369017     5484.2522172    -3493.7087432     1812.5105663
560       559.0000000       18.7295897      122.4245936      374.0201257     5544.2639030    -3190.3950339     2155.1239128
561       560.0000000       21.7519730      124.8488731      374.3302635     5578.3984083    -2872.1906258     2487.6493478
562       561.0000000       24.7282710      127.3863987      374.7571345     5586.4979669    -2540.5815085     2808.5310593
563       562.0000000       27.6490852      130.0582196      375.2891408     5568.5274847    -2197.1165709     3116.2685001
564       563.0000000       30.5037476      132.8872790      375.9135075     5524.5745783    -1843.4001173     3409.4235351
565       564.0000000       33.2800575      135.8984901      376.6165402     5454.8490024    -1481.0841358     3686.6272521
566       565.0000000       35.9639919      139.1186434      377.3838955     5359.6814727    -1111.8603442     3946.5864148
567       566.0000000       38.5394021      142.5760382      378.2008584     5239.5219014     -737.4520928     4188.0895009
568       567.0000000       40.9877201      146.2996891      379.0526210     5094.9370635     -359.6061528     4410.0123143
569       568.0000000       43.2877223      150.3179216      379.9245575     4926.6077052       19.9155875     4611.3231598
570       569.0000000       45.4154207      154.6561444      380.8024908     4735.3251342      399.3444265     4791.0875312
571       570.0000000       47.3441879      159.3336294      381.6729443     4521.9872941      776.9131714     4948.4723326
572       571.0000000       49.0452512      164.3592735      382.5233766     4287.5943690     1150.8643921     5082.7495910
573       572.0000000       50.4886978      169.7266479      383.3423935     4033.2439383     1519.4585885     5193.2996655
574       573.0000000       51.6450896      175.4091427      384.1199340     3760.1256975     1880.9822544     5279.6139487
575       574.0000000       52.4876658     -178.6434134      384.8474287     3469.5157931     2233.7557705     5341.2970432
576       575.0000000       52.9949042     -172.5049679      385.5179265     3162.7707931     2576.1411129     5378.0684195
577       576.0000000       53.1529865     -166.2689917      386.1261879     2841.3213026     2906.5493652     5389.7635538
578       577.0000000       52.9575783     -160.0397319      386.6687457     2506.6652931     3223.4479619     5376.3345402
579       578.0000000       52.4144249     -153.9206914      387.1439293     2160.3611257     3525.3676891     5337.8501848
580       579.0000000       51.5385801     -148.0033086      387.5518545     1804.0203364     3810.9093724     5274.4955789
581       580.0000000       50.3525009     -142.3587096      387.8943794     1439.3001996     4078.7502471     5186.5711601
582       581.0000000       48.8835335     -137.0340477      388.1750258     1067.8960773     4327.6499969     5074.4912584
583       582.0000000       47.1613742     -132.0532000      388.3988688      691.5336204     4556.4564121     4938.7821393
584       583.0000000       45.2159322     -127.4204215      388.5723966      311.9608342     4764.1106575     4780.0795503
585       584.0000000       43.0757939     -123.1252774      388.7033428      -69.0599804     4949.6521396     4599.1257672
586       585.0000000       40.7672914     -119.1475375      388.8004941     -449.7603274     5112.2229200     4396.7661705
587       586.0000000       38.3140646     -115.4612956      388.8734774     -828.3736861     5251.0716889     4173.9453384
588       587.0000000       35.7369743     -112.0380614      388.9325294    -1203.1436650     5365.5572493     3931.7026889
589       588.0000000       33.0542346     -108.8488739      388.9882544    -1572.3321243     5455.1515069     3671.1676820
590       589.0000000       30.2816615     -105.8656200      389.0513734    -1934.2272511     5519.4419507     3393.5545830
591       590.0000000       27.4329706     -103.0617657      389.1324697    -2287.1514979     5558.1335936     3100.1568395
592       591.0000000       24.5200819     -100.4126834      389.2417373    -2629.4694065     5571.0503749     2792.3410574
593       592.0000000       21.5534065      -97.8957200      389.3887348    -2959.5952290     5558.1360015     2471.5406322
594       593.0000000       18.5421075      -95.4901058      389.5821521    -3276.0003270     5519.4542254     2139.2490559
595       594.0000000       15.4943299      -93.1767737      389.8295930    -3577.2203246     5455.1885483     1797.0129102
596       595.0000000       12.4174009      -90.9381320      390.1373793    -3861.8619461     5365.6413528     1446.4246129
597       596.0000000        9.3180049      -88.7578182      390.5103803    -4128.6095177     5251.2324633     1089.1149387
598       597.0000000        6.2023363      -86.6204468      390.9518712    -4376.2311117     5112.4971333      726.7453331
599       598.0000000        3.0762352      -84.5113607      391.4634236    -4603.5842624     4950.0834840      361.0001074
600       599.0000000       -0.0546898      -82.4163873      392.0448310    -4809.6212667     4764.7493866       -6.4215020
601       600.0000000       -3.1849474      -80.3215990      392.6940701    -4993.3940038     4557.3588233     -373.8133171
602       601.0000000       -6.3090528      -78.2130773      393.4072999    -5154.0582680     4328.8777417     -739.4702240
603       602.0000000       -9.4214181      -76.0766774      394.1788981    -5290.8775963     4080.3694152    -1101.6961715
604       603.0000000      -12.5162385      -73.8977897      395.0015337    -5403.2265578     3812.9893557    -1458.8120886
605       604.0000000      -15.5873695      -71.6610987      395.8662755    -5490.5935005     3527.9798007    -1809.1636948
606       605.0000000      -18.6281930      -69.3503367      396.7627336    -5552.5827498     3226.6637925    -2151.1291813
607       606.0000000      -21.6314662      -66.9480365      397.6792307    -5588.9162387     2910.4389176    -2483.1266801
608       607.0000000      -24.5891485      -64.4352900      398.6030003    -5599.4345830     2580.7707015    -2803.6215372
609       608.0000000      -27.4922050      -61.7915266      399.5204076    -5584.0975903     2239.1857301    -3111.1333126
610       609.0000000      -30.3303798      -58.9943386      400.4171891    -5542.9842164     1887.2645246    -3404.2424934
611       610.0000000      -33.0919413      -56.0193964      401.2787054    -5476.2919722     1526.6341880    -3681.5969060
612       611.0000000      -35.7634008      -52.8405190      402.0902030    -5384.3357942     1158.9608948    -3941.9177729
613       612.0000000      -38.3292157      -49.4300009      402.8370806    -5267.5463938      785.9422437    -4184.0054064
614       613.0000000      -40.7714999      -45.7593316      403.5051539    -5126.4680935      409.2994914    -4406.7445332
615       614.0000000      -43.0697813      -41.8004872      404.0809155    -4961.7561815       30.7697496    -4609.1091986
616       615.0000000      -45.2008743      -37.5279928      404.5517837    -4774.1737836     -347.9018802    -4790.1672753
617       616.0000000      -47.1389641      -32.9219320      404.9063380    -4564.5882910     -724.9701517    -4949.0845334
618       617.0000000      -48.8560291      -27.9719489      405.1345357    -4333.9673567    -1098.6974891    -5085.1282757
619       618.0000000      -50.3227416      -22.6820023      405.2279067    -4083.3744702    -1467.3617613    -5197.6705358
620       619.0000000      -51.5099496      -17.0751654      405.1797230    -3813.9641509    -1829.2639515    -5286.1908169
621       620.0000000      -52.3907421      -11.1972151      404.9851408    -3526.9767724    -2182.7357145    -5350.2783761
622       621.0000000      -52.9429089       -5.1173945      404.6413120    -3223.7330216    -2526.1468159    -5389.6340517
623       622.0000000      -53.1513904        1.0750113      404.1474646    -2905.6280505    -2857.9123808    -5404.0716195
624       623.0000000      -53.0101575        7.2785532      403.5049484    -2574.1252945    -3176.4999842    -5393.5186855
625       624.0000000      -52.5230120       13.3905530      402.7172478    -2230.7500174    -3480.4365154    -5358.0171037
626       625.0000000      -51.7030680       19.3183614      401.7899593    -1877.0825871    -3768.3148106    -5297.7229227
627       626.0000000      -50.5710722       24.9880566      400.7307342    -1514.7514871    -4038.8000448    -5212.9058527
628       627.0000000      -49.1530323       30.3488414      399.5491880    -1145.4261162    -4290.6358304    -5103.9482552
629       628.0000000      -47.4777207       35.3730757      398.2567765     -770.8093845    -4522.6500135    -4971.3436538
630       629.0000000      -45.5745039       40.0531494      396.8666402     -392.6301085    -4733.7601568    -4815.6947572
631       630.0000000      -43.4717298       44.3968151      395.3934202      -12.6352788    -4922.9786495    -4637.7110099
632       631.0000000      -41.1957090       48.4223480      393.8530466      367.4178302    -5089.4174581    -4438.2056513
633       632.0000000      -38.7701999       52.1543511      392.2625040      745.7696316    -5232.2924601    -4218.0923040
634       633.0000000      -36.2162612       55.6205337      390.6395768     1120.6662674    -5350.9273503    -3978.3810907
635       634.0000000      -33.5523424       58.8494603      389.0025779     1490.3677047    -5444.7570974    -3720.1742722
636       635.0000000      -30.7945060       61.8691138      387.3700671     1853.1558045    -5513.3309098    -3444.6614468
637       636.0000000      -27.9567103       64.7060714      385.7605610     2207.3423825    -5556.3147042    -3153.1142863
638       637.0000000      -25.0511057       67.3851079      384.1922429     2551.2771744    -5573.4930412    -2846.8808566
639       638.0000000      -22.0883194       69.9290814      382.6826749     2883.3556846    -5564.7705131    -2527.3795303
640       639.0000000      -19.0777164       72.3589928      381.2485197     3202.0268902    -5530.1725663    -2196.0924995
641       640.0000000      -16.0276303       74.6941463      379.9052758     3505.8007256    -5469.8457386    -1854.5589435
642       641.0000000      -12.9455668       76.9523655      378.6670328     3793.2553200    -5384.0573058    -1504.3678691
643       642.0000000       -9.8383806       79.1502329      377.5462507     4063.0439576    -5273.1943213    -1147.1506391
644       643.0000000       -6.7124307       81.3033389      376.5535675     4313.9016806    -5137.7620569     -784.5732716
645       644.0000000       -3.5737180       83.4265304      375.6976401     4544.6515351    -4978.3818310     -418.3284963
646       645.0000000       -0.4280101       85.5341553      374.9850212     4754.2103847    -4795.7882426      -50.1276575
647       646.0000000        2.7190427       87.6403040      374.4200746     4941.5942692    -4590.8258200      318.3075087
648       647.0000000        5.8617962       89.7590479      374.0049307     5105.9232814    -4364.4450857      685.2531924
649       648.0000000        8.9945011       91.9046783      373.7394841     5246.4259107    -4117.6980782     1048.9918402
650       649.0000000       12.1111881       94.0919481      373.6214311     5362.4428381    -3851.7333468     1407.8204658
651       650.0000000       15.2055453       96.3363177      373.6463490     5453.4301648    -3567.7904343     1760.0589100
652       651.0000000       18.2707822       98.6542059      373.8078125     5518.9620378    -3267.1939146     2104.0579538
653       652.0000000       21.2994778      101.0632435      374.0975463     5558.7326796    -2951.3469788     2438.2072946
654       653.0000000       24.2834069      103.5825210      374.5056108     5572.5577962    -2621.7246461     2760.9432922
655       654.0000000       27.2133399      106.2328187      375.0206145     5560.3753692    -2279.8666279     3070.7564604
656       655.0000000       30.0788148      109.0367893      375.6299514     5522.2458303    -1927.3698711     3366.1986801
657       656.0000000       32.8678779      112.0190539      376.3200565     5458.3516207    -1565.8808559     3645.8900625
658       657.0000000       35.5667979      115.2061394      377.0766741     5368.9961510    -1197.0876801     3908.5254490
659       658.0000000       38.1597631      118.6261601      377.8851351     5254.6021651     -822.7119542     4152.8805272
660       659.0000000       40.6285841      122.3080997      378.7306353     5115.7095379     -444.5005998     4377.8175029
661       660.0000000       42.9524447      126.2805112      379.5985119     4952.9725109      -64.2175374     4582.2903456
662       661.0000000       45.1077683      130.5694256      380.4745113     4767.1564014      316.3646445     4765.3495547
663       662.0000000       47.0682992      135.1952870      381.3450434     4559.1338055      695.4730193     4926.1464448
664       663.0000000       48.8055329      140.1688577      382.1974195     4329.8803091     1071.3426284     5063.9369453
665       664.0000000       50.2896357      145.4863358      383.0200674     4080.4697520     1442.2246912     5178.0848845
666       665.0000000       51.4909663      151.1244085      383.8027222     3812.0690651     1806.3947023     5268.0647642
667       666.0000000       52.3821990      157.0365447      384.5365886     3525.9326930     2162.1604012     5333.4640221
668       667.0000000       52.9408562      163.1522011      385.2144723     3223.3966657     2507.8695348     5373.9847647
669       668.0000000       53.1518244      169.3803636      385.8308789     2905.8723033     2841.9174405     5389.4449853
670       669.0000000       53.0092750      175.6176899      386.3820793     2574.8396207     3162.7543738     5379.7792552
671       670.0000000       52.5174590     -178.2402124      386.8661394     2231.8404448     3468.8925733     5345.0388953
672       671.0000000       51.6901357     -172.2872293      387.2829150     1878.4712571     3758.9130516     5285.3916285
673       672.0000000       50.5488078     -166.5978916      387.6340132     1516.3758209     4031.4720546     5201.1207152
674       673.0000000       49.1202601     -161.2230003      387.9227179     1147.2376075     4285.3071848     5092.6235799
675       674.0000000       47.4339903     -156.1897413      388.1538849      772.7720302     4519.2431735     4960.4099255
676       675.0000000       45.5199934     -151.5050079      388.3338057      394.7185660     4732.1972468     4805.0993550
677       676.0000000       43.4071310     -147.1602384      388.4700433       14.8327349     4923.1841015     4627.4184918
678       677.0000000       41.1221145     -143.1363796      388.5712438     -365.1219790     5091.3204351     4428.1976217
679       678.0000000       38.6890023     -139.4081484      388.6469259     -743.3822538     5235.8290253     4208.3668642
680       679.0000000       36.1290697     -135.9472801      388.7072532    -1118.1930882     5356.0423421     3968.9518719
681       680.0000000       33.4609152     -132.7247793      388.7627931    -1487.8159060     5451.4056531     3711.0691015
682       681.0000000       30.7006970     -129.7123436      388.8242666    -1850.5366316     5521.4796279     3435.9206383
683       682.0000000       27.8624272     -126.8831704      388.9022949    -2204.6736475     5565.9424045     3144.7886242
684       683.0000000       24.9582769     -124.2123346      389.0071459    -2548.5856168     5584.5911143     2839.0293016
685       684.0000000       21.9988668     -121.6768881      389.1484878    -2880.6791480     5577.3428519     2520.0666828
686       685.0000000       18.9935324     -119.2557869      389.3351529    -3199.4162286     5544.2350759     2189.3858995
687       686.0000000       15.9505584     -116.9297209      389.5749180    -3503.3214073     5485.4254401     1848.5262530
688       687.0000000       12.8773836     -114.6808913      389.8743047    -3790.9887016     5401.1910461     1499.0739782
689       688.0000000        9.7807791     -112.4927659      390.2384047    -4061.0881523     5291.9271249     1142.6548026
690       689.0000000        6.6670044     -110.3498274      390.6707339    -4312.3720372     5158.1451429      780.9262837
691       690.0000000        3.5419453     -108.2373237      391.1731180    -4543.6806715     5000.4703490      415.5700120
692       691.0000000        0.4112382     -106.1410232      391.7456126    -4753.9477790     4819.6387738       48.2837007
693       692.0000000       -2.7196139     -104.0469750      392.3864588    -4942.2054160     4616.4936871     -319.2268102
694       693.0000000       -5.8451316     -101.9412722      393.0920774    -5107.5883986     4391.9815472     -685.2555613
695       694.0000000       -8.9597486      -99.8098167      393.8570988    -5249.3382264     4147.1474629    -1048.1044631
696       695.0000000      -12.0576986      -97.6380813      394.6744315    -5366.8064878     3883.1301773    -1406.0912464
697       696.0000000      -15.1328951      -95.4108689      395.5353646    -5459.4577142     3601.1566370    -1757.5572836
698       697.0000000      -18.1787986      -93.1120669      396.4297050    -5526.8716937     3302.5361380    -2100.8752957
699       698.0000000      -21.1882683      -90.7243997      397.3459444    -5568.7452206     2988.6541173    -2434.4568618
700       699.0000000      -24.1533931      -88.2291854      398.2714541    -5584.8932865     2660.9656135    -2756.7597110
701       700.0000000      -27.0652979      -85.6061104      399.1927028    -5575.2497121     2320.9884165    -3066.2947799
702       701.0000000      -29.9139223      -82.8330453      400.0954934    -5539.8672224     1970.2959739    -3361.6329702
703       702.0000000      -32.6877695      -79.8859429      400.9652148    -5478.9169747     1610.5100794    -3641.4115968
704       703.0000000      -35.3736283      -76.7388808      401.7871027    -5392.6875473     1243.2933598    -3904.3405126
705       704.0000000      -37.9562780      -73.3643424      402.5465052    -5281.5834069      870.3416452    -4149.2078511
706       705.0000000      -40.4181947      -69.7338681      403.2291487    -5146.1228612      493.3762026    -4374.8854090
707       706.0000000      -42.7392992      -65.8192493      403.8213988    -4986.9355226      114.1359153    -4580.3336181
708       707.0000000      -44.8968066      -61.5944656      404.3105108    -4804.7592992     -265.6305779    -4764.6061042
709       708.0000000      -46.8652719      -57.0385460      404.6848681    -4600.4369231     -644.1727678    -4926.8538327
710       709.0000000      -48.6169538      -52.1394310      404.9342012    -4374.9120496    -1019.7461187    -5066.3288068
711       710.0000000      -50.1226362      -46.8986480      405.0497866    -4129.2249439    -1390.6198608    -5182.3873256
712       711.0000000      -51.3530211      -41.3361715      405.0246199    -3864.5077604    -1755.0847202    -5274.4927978
713       712.0000000      -52.2807144      -35.4942894      404.8535623    -3581.9794666    -2111.4605144    -5342.2180902
714       713.0000000      -52.8826480      -29.4388858      404.5334573    -3282.9403936    -2458.1036435    -5385.2474236
715       714.0000000      -53.1425650      -23.2566875      404.0632146    -2968.7664653    -2793.4144062    -5403.3777987
716       715.0000000      -53.0530198      -17.0479970      403.4438623    -2640.9031161    -3115.8441355    -5396.5199569
717       716.0000000      -52.6163625      -10.9160576      402.6785640    -2300.8588992    -3423.9021472    -5364.6988689
718       717.0000000      -51.8444146       -4.9556463      401.7726015    -1950.1988359    -3716.1624442    -5308.0537499
719       718.0000000      -50.7569365        0.7561513      400.7333230    -1590.5375130    -3991.2701727    -5226.8375989
720       719.0000000      -49.3793215        6.1650192      399.5700570    -1223.5319294    -4247.9478177    -5121.4162567
721       720.0000000      -47.7400852       11.2400339      398.2939933     -850.8741609    -4485.0010801    -4992.2669887
722       721.0000000      -45.8686253       15.9709011      396.9180324     -474.2838101    -4701.3244503    -4839.9765791
723       722.0000000      -43.7935208       20.3634191      395.4566046      -95.5003134    -4895.9064206    -4665.2389482
724       723.0000000      -41.5414288       24.4345971      393.9254631      283.7248871    -5067.8343257    -4468.8522902
725       724.0000000      -39.1365028       28.2083342      392.3414522      661.6362986    -5216.2987925    -4251.7157230
726       725.0000000      -36.6002009       31.7120480      390.7222553     1036.4823795    -5340.5977500    -4014.8254782
727       726.0000000      -33.9513472       34.9742876      389.0861259     1406.5236143    -5440.1400002    -3759.2706075
728       727.0000000      -31.2063408       38.0231888      387.4516069     1770.0405783    -5514.4483028    -3486.2282414
729       728.0000000      -28.3794327       40.8855721      385.8372422     2125.3419741    -5563.1619601    -3196.9584030
730       729.0000000      -25.4830225       43.5864931      384.2612852     2470.7726173    -5586.0388792    -2892.7983777
731       730.0000000      -22.5279459       46.1490942      382.7414107     2804.7212977    -5582.9570845    -2575.1566832
732       731.0000000      -19.5237392       48.5946437      381.2944349     3125.6284897    -5553.9156656    -2245.5066513
733       732.0000000      -16.4788754       50.9426852      379.9360484     3431.9938861    -5499.0351442    -1905.3796300
734       733.0000000      -13.4009709       53.2112473      378.6805677     3722.3836684    -5418.5572476    -1556.3578774
735       734.0000000      -10.2969666       55.4170814      377.5407110     3995.4375191    -5312.8440771    -1200.0671308
736       735.0000000       -7.1732860       57.5759100      376.5274010     4249.8752923    -5182.3766708     -838.1689306
737       736.0000000       -4.0359751       59.7026754      375.6496014     4484.5033160    -5027.7529612     -472.3527240
738       737.0000000       -0.8908290       61.8117855      374.9141871     4698.2202986    -4849.6851248     -104.3277721
739       738.0000000        2.2564915       63.9173548      374.3258546     4890.0227736    -4648.9963424      264.1850579
740       739.0000000        5.4003475       66.0334444      373.8870710     5059.0100636    -4426.6169851      631.4615866
741       740.0000000        8.5350118       68.1742997      373.5980654     5204.3887381    -4183.5802289      995.7826713
742       741.0000000       11.6545543       70.3545921      373.4568610     5325.4765134    -3921.0171516     1355.4425149
743       742.0000000       14.7527208       72.5896644      373.4593476     5421.7055979    -3640.1513053     1708.7569394
744       743.0000000       17.8227995       74.8957808      373.5993930     5492.6254412    -3342.2928265     2054.0715310
745       744.0000000       20.8574715       77.2903802      373.8689909     5537.9048841    -3028.8321094     2389.7696258
746       745.0000000       23.8486404       79.7923264      374.2584408     5557.3336991    -2701.2330660     2714.2801077
747       746.0000000       26.7872368       82.4221412      374.7565582     5550.8235109    -2361.0260409     3026.0849409
748       747.0000000       29.6629934       85.2021970      375.3509075     5518.4081024    -2009.8004132     3323.7264147
749       748.0000000       32.4641913       88.1568284      376.0280556     5460.2431066    -1649.1969101     3605.8140765
750       749.0000000       35.1773768       91.3122988      376.7738388     5376.6050964    -1280.8997215     3871.0312797
751       750.0000000       37.7870601       94.6965272      377.5736387     5267.8900807     -906.6284084     4118.1413621
752       751.0000000       40.2754153       98.3384391      378.4126614     5134.6114255     -528.1296938     4345.9933888
753       752.0000000       42.6220203      102.2667642      379.2762138     4977.3972220     -147.1691640     4553.5274537
754       753.0000000       44.8037009      106.5080738      380.1499734     4796.9871116      234.4770964     4739.7795272
755       754.0000000       46.7945731      111.0838654      381.0202450     4594.2286056      615.0308587     4903.8858134
756       755.0000000       48.5664133      116.0066127      381.8742012     4370.0729198      992.7200714     5045.0866155
757       756.0000000       50.0894978      121.2749646      382.7001009     4125.5703380     1365.7871309     5162.7297051
758       757.0000000       51.3340335      126.8687396      383.4874839     3861.8651584     1732.4970171     5256.2731684
759       758.0000000       52.2721997      132.7449347      384.2273379     3580.1902176     2091.1453179     5325.2877458
760       759.0000000       52.8806428      138.8364014      384.9122340     3281.8610476     2440.0660638     5369.4586439
761       760.0000000       53.1430293      145.0546994      385.5364312     2968.2696867     2777.6393595     5388.5868272
762       761.0000000       53.0520916      151.2976175      386.0959458     2640.8781524     3102.2988027     5382.5897895
763       762.0000000       52.6106111      157.4601514      386.5885870     2301.2116367     3412.5386274     5351.5017998
764       763.0000000       51.8310461      163.4462228      387.0139570     1950.8514363     3706.9205639     5295.4736321
765       764.0000000       50.7339151      169.1780763      387.3734163     1591.4276281     3984.0804049     5214.7717750
766       765.0000000       49.3453992      174.6013498      387.6700155     1224.6115639     4242.7342133     5109.7771331
767       766.0000000       47.6947547      179.6855565      387.9083938      852.1081590     4481.6841940     4980.9832157
768       767.0000000       45.8120248     -175.5788748      388.0946475      475.6480497     4699.8241675     4828.9938267
769       768.0000000       43.7263179     -171.1853172      388.2361698       96.9796332     4896.1446401     4654.5202633
770       769.0000000       41.4647048     -167.1159566      388.3414655     -282.1389987     5069.7374563     4458.3780198
771       770.0000000       39.0516496     -163.3461871      388.4199432     -659.9481505     5219.7999839     4241.4830300
772       771.0000000       36.5088337     -159.8480119      388.4816903    -1034.6946632     5345.6388437     4004.8474327
773       772.0000000       33.8552356     -156.5924319      388.5372330    -1404.6400194     5446.6731358     3749.5748984
774       773.0000000       31.1073539     -153.5509773      388.5972875    -1768.0683970     5522.4371587     3476.8555271
775       774.0000000       28.2794962     -150.6965914      388.6725063    -2123.2946512     5572.5826035     3187.9603220
776       775.0000000       25.3840845     -148.0040610      388.7732246    -2468.6721521     5596.8802001     2884.2352844
777       776.0000000       22.4319497     -145.4501484      388.9092123    -2802.6004561     5595.2208096     2567.0951470
778       777.0000000       19.4326003     -143.0135388      389.0894363    -3123.5327912     5567.6159509     2238.0167530
779       778.0000000       16.3944618     -140.6746801      389.3218377    -3429.9832711     5514.1977532     1898.5321531
780       779.0000000       13.3250852     -138.4155663      389.6131291    -3720.5338525     5435.2183311     1550.2214058
781       780.0000000       10.2313298     -136.2194945      389.9686162    -3993.8409556     5331.0485821     1194.7051556
782       781.0000000        7.1195214     -134.0708134      390.3920472    -4248.6417291     5202.1764145      833.6370137
783       782.0000000        3.9955929     -131.9546730      390.8854937    -4483.7599381     5049.2044017      468.6957612
784       783.0000000        0.8652107     -129.8567792      391.4492656    -4698.1114150     4872.8468878      101.5774512
785       784.0000000       -2.2661090     -127.7631531      392.0818620    -4890.7090612     4673.9265555     -266.0125652
786       785.0000000       -5.3928893     -125.6598941      392.7799590    -5060.6673805     4453.3704636     -632.3676651
787       786.0000000       -8.5095823     -123.5329447      393.5384352    -5207.2064957     4212.2056033     -995.7879411
788       787.0000000      -11.6104573     -121.3678525      394.3504342    -5329.6556601     3951.5539657    -1354.5881649
789       788.0000000      -14.6894811     -119.1495307      395.2074627    -5427.4562225     3672.6271795    -1707.1056355
790       789.0000000      -17.7401876     -116.8620125      396.0995228    -5500.1640476     3376.7207393    -2051.7078938
791       790.0000000      -20.7555320     -114.4882036      397.0152750    -5547.4513851     3065.2078436    -2386.8002773
792       791.0000000      -23.7277248     -112.0096380      397.9422292    -5569.1081754     2739.5329060    -2710.8332473
793       792.0000000      -26.6480425     -109.4062482      398.8669595    -5565.0427985     2401.2047623    -3022.3094703
794       793.0000000      -29.5066095     -106.6561735      399.7753390    -5535.2822682     2051.7895951    -3319.7906366
795       794.0000000      -32.2921517     -103.7356428      400.6527894    -5479.9718777     1692.9036559    -3601.9039477
796       795.0000000      -34.9917225     -100.6189914      401.4845408    -5399.3743056     1326.2057697    -3867.3482924
797       796.0000000      -37.5904079      -97.2789000      402.2558979    -5293.8681974      953.3897049    -4114.9000507
798       797.0000000      -40.0710320      -93.6869832      402.9525050    -5163.9462365      576.1764276    -4343.4185194
799       798.0000000      -42.4138948      -89.8148935      403.5606088    -5010.2127160      196.3062571    -4551.8509551
800       799.0000000      -44.5966026      -85.6361384      404.0673108    -4833.3806371     -184.4690089    -4739.2371932
801       800.0000000      -46.5940780      -81.1288012      404.4608073    -4634.2683521     -564.3939817    -4904.7138456
802       801.0000000      -48.3788697      -76.2792622      404.7306118    -4413.7957589     -941.7175734    -5047.5180738
803       802.0000000      -49.9218997      -71.0867841      404.8677572    -4172.9800914    -1314.7008123    -5166.9909059
804       803.0000000      -51.1937699      -65.5684060      404.8649727    -3912.9312973    -1681.6246134    -5262.5801164
805       804.0000000      -52.1666667      -59.7630465      404.7168342    -3634.8470474    -2040.7974282    -5333.8426424
806       805.0000000      -52.8167396      -53.7332599      404.4198857    -3340.0073905    -2390.5627679    -5380.4465425
807       806.0000000      -53.1266077      -47.5631257      403.9727280    -3029.7690559    -2729.3065932    -5402.1724934
808       807.0000000      -53.0874669      -41.3516011      403.3760757    -2705.5594524    -3055.4645097    -5398.9148158
809       808.0000000      -52.7002455      -35.2022354      402.6327790    -2368.8703694    -3367.5287676    -5370.6820321
810       809.0000000      -51.9754727      -29.2116822      401.7478119    -2021.2513844    -3664.0550537    -5317.5969483
811       810.0000000      -50.9318987      -23.4600024      400.7282252    -1664.3030380    -3943.6690149    -5239.8962631
812       811.0000000      -49.5942649      -18.0049300      399.5830649    -1299.6697459    -4205.0725343    -5137.9296942
813       812.0000000      -47.9907890      -12.8806488      398.3232585     -929.0325148    -4447.0496995    -5012.1586270
814       813.0000000      -46.1508637       -8.1001654      396.9614682     -554.1014667    -4668.4724529    -4863.1542845
815       814.0000000      -44.1032704       -3.6596896      395.5119148     -176.6081758    -4868.3059110    -4691.5954063
816       815.0000000      -41.8749917        0.4564634      393.9901738      201.7021056    -5045.6132965    -4498.2654590
817       816.0000000      -39.4905628        4.2714366      392.4129473      579.0783649    -5199.5604919    -4284.0493540
818       817.0000000      -36.9718320        7.8123137      390.7978145      953.7718103    -5329.4201595    -4049.9296995
819       818.0000000      -34.3379931       11.1075969      389.1629651     1324.0439031    -5434.5754163    -3796.9825844
820       819.0000000      -31.6057791       14.1855527      387.5269195     1688.1744243    -5514.5230400    -3526.3728918
821       820.0000000      -28.7897325       17.0732296      385.9082415     2044.4695032    -5568.8761694    -3239.3491736
822       821.0000000      -25.9025016       19.7959540      384.3252468     2391.2695883    -5597.3664854    -2937.2380941
823       822.0000000      -22.9551307       22.3771461      382.7957142     2726.9573364    -5599.8458491    -2621.4384428
824       823.0000000      -19.9573282       24.8383381      381.3366038     3049.9653339    -5576.2873735    -2293.4147770
825       824.0000000      -16.9177070       27.1993111      379.9637877     3358.7836596    -5526.7859159    -1954.6906738
826       825.0000000      -13.8439952       29.4782988      378.6917989     3651.9672009    -5451.5579768    -1606.8416602
827       826.0000000      -10.7432211       31.6922222      377.5336029     3928.1426994    -5350.9409961    -1251.4878401
828       827.0000000       -7.6218738       33.8569377      376.5003967     4186.0154923    -5225.3920379     -890.2862365
829       828.0000000       -4.4860459       35.9874858      375.6014395     4424.3758817    -5075.4858682     -524.9229227
830       829.0000000       -1.3415616       38.0983376      374.8439186     4642.1051041    -4901.9124284     -157.1049688
831       830.0000000        1.8059053       40.2036366      374.2328534     4838.1808740    -4705.4737045      211.4477699
832       831.0000000        4.9507193       42.3174383      373.7710389     5011.6824330    -4487.0800242      579.0109293
833       832.0000000        8.0871720       44.4539488      373.4590310     5161.7951086    -4247.7457767      943.8639847
834       833.0000000       11.2093691       46.6277652      373.2951726     5287.8143246    -3988.5845986     1304.2985740
835       834.0000000       14.3111098       48.8541209      373.2756604     5389.1490513    -3710.8040486     1658.6267668
836       835.0000000       17.3857558       51.1491346      373.3946511     5465.3246793    -3415.6997873     2005.1892458
837       836.0000000       20.4260843       53.5300640      373.6444038     5515.9852894    -3104.6493208     2342.3633191
838       837.0000000       23.4241204       56.0155565      374.0154561     5540.8953158    -2779.1053385     2668.5707356
839       838.0000000       26.3709455       58.6258865      374.4968296     5539.9405972    -2440.5886652     2982.2852751
840       839.0000000       29.2564773       61.3831555      375.0762602     5513.1288092    -2090.6809148     3282.0400285
841       840.0000000       32.0692195       64.3114187      375.7404492     5460.5892873    -1731.0168377     3566.4343823
842       841.0000000       34.7959826       67.4366775      376.4753281     5382.5722434    -1363.2764498     3834.1406283
843       842.0000000       37.4215841       70.7866477      377.2663344     5279.4473927     -989.1769742     4083.9101872
844       843.0000000       39.9285465       74.3901736      378.0986894     5151.7019993     -610.4646193     4314.5794272
845       844.0000000       42.2968283       78.2761168      378.9576768     4999.9383647     -228.9062746     4525.0750300
846       845.0000000       44.5036479       82.4715151      379.8289125     4824.8707813      153.7188501     4714.4188976
847       846.0000000       46.5234907       86.9988108      380.6986042     4627.3219614      535.6276217     4881.7325908
848       847.0000000       48.3284236       91.8720444      381.5537937     4408.2189882      915.0413255     5026.2412617
849       848.0000000       49.8888596       97.0921474      382.3825800     4168.5887890     1290.1939756     5147.2770967
850       849.0000000       51.1748998      102.6419032      383.1743164     3909.5531791     1659.3405056     5244.2822399
851       850.0000000       52.1582931      108.4817161      383.9197821     3632.3234979     2020.7648277     5316.8112022
852       851.0000000       52.8148861      114.5478018      384.6113224     3338.1948491     2372.7877433     5364.5327533
853       852.0000000       53.1271998      120.7543837      385.2429574     3028.5399985     2713.7746410     5387.2312872
854       853.0000000       53.0865852      127.0005819      385.8104567     2704.8029458     3042.1429703     5384.8076670
855       854.0000000       52.6943846      133.1810418      386.3113798     2368.4921818     3356.3694799     5357.2795470
856       855.0000000       51.9617549      139.1977454      386.7450811     2021.1736985     3654.9971510     5304.7811759
857       856.0000000       50.9082058      144.9698998      387.1126804     1664.4637324     3936.6418511     5227.5626804
858       857.0000000       49.5592766      150.4396816      387.4169987     1300.0213094     4199.9986398     5125.9888368
859       858.0000000       47.9439413      155.5733250      387.6624622      929.5406071     4443.8477228     5000.5373360
860       859.0000000       46.0922550      160.3585512      387.8549740      554.7431410     4667.0600398     4851.7965393
861       860.0000000       44.0335442      164.7999989      388.0017585      177.3698554     4868.6024309     4680.4627487
862       861.0000000       41.7952186      168.9141847      388.1111785     -200.8269091     5047.5423970     4487.3369790
863       862.0000000       39.4021338      172.7249859      388.1925316     -578.0914891     5203.0524006     4273.3212604
864       863.0000000       36.8763691      176.2600899      388.2558261     -952.6729993     5334.4136994     4039.4144790
865       864.0000000       34.2372779      179.5484687      388.3115434    -1322.8334435     5441.0196976     3786.7077556
866       865.0000000       31.5016961     -177.3812622      388.3703898    -1686.8557648     5522.3787809     3516.3794007
867       866.0000000       28.6842254     -174.5018072      388.4430437    -2043.0518141     5578.1166274     3229.6894562
868       867.0000000       25.7975386     -171.7876748      388.5399008    -2389.7702201     5607.9779790     2927.9738295
869       868.0000000       22.8526766     -169.2153440      388.6708257    -2725.4040724     5611.8278540     2612.6380816
870       869.0000000       19.8593213     -166.7632327      388.8449118    -3048.3984367     5589.6521950     2285.1508507
871       870.0000000       16.8260395     -164.4115487      389.0702564    -3357.2576152     5541.5579427     1947.0369807
872       871.0000000       13.7604956     -162.1420792      389.3537546    -3650.5521350     5467.7725313     1599.8703727
873       872.0000000       10.6696376     -159.9379498      389.7009176    -3926.9254380     5368.6428036     1245.2665781
874       873.0000000        7.5598588     -157.7833735      390.1157174    -4185.1002083     5244.6333502      884.8752014
875       874.0000000        4.4371410     -155.6634000      390.6004635    -4423.8843177     5096.3242815      520.3721396
876       875.0000000        1.3071817     -153.5636693      391.1557127    -4642.1763695     4924.4084337      153.4516773
877       876.0000000       -1.8244877     -151.4701706      391.7802148    -4838.9707772     4729.6880417     -214.1814719
878       877.0000000       -4.9523902     -149.3690046      392.4708951    -5013.3623898     4513.0708731     -580.8201910
879       878.0000000       -8.0709941     -147.2461481      393.2228751    -5164.5506090     4275.5658681     -944.7629627
880       879.0000000      -11.1746004     -145.0872171      394.0295292    -5291.8429936     4018.2783028    -1304.3218250
881       880.0000000      -14.2572253     -142.8772270      394.8825787    -5394.6583383     3742.4044908    -1657.8302555
882       881.0000000      -17.3124712     -140.6003478      395.7722189    -5472.5292009     3449.2260791    -2003.6509075
883       882.0000000      -20.3333834     -138.2396570      396.6872782    -5525.1038800     3140.1039596    -2340.1831775
884       883.0000000      -23.3122872     -135.7768938      397.6154057    -5552.1478387     2816.4718168    -2665.8705839
885       884.0000000      -26.2406019     -133.1922267      398.5432826    -5553.5445663     2479.8293864    -2979.2078768
886       885.0000000      -29.1086272     -130.4640539      399.4568551    -5529.2958894     2131.7354152    -3278.7479000
887       886.0000000      -31.9053004     -127.5688735      400.3415817    -5479.5217319     1773.8004001    -3563.1081313
888       887.0000000      -34.6179260     -124.4812757      401.1826925    -5404.4593386     1407.6791309    -3830.9768932
889       888.0000000      -37.2318831     -121.1741452      401.9654543    -5304.4619685     1035.0630530    -4081.1192225
890       889.0000000      -39.7303290     -117.6191903      402.6754369    -5179.9970772      657.6725245    -4312.3823505
891       890.0000000      -42.0939295     -113.7879641      403.2987760    -5031.6440042      277.2489839    -4523.7007913
892       891.0000000      -44.3006714     -109.6535690      403.8224274    -4860.0911740     -104.4529559    -4714.1010325
893       892.0000000      -46.3258414     -105.1932419      404.2344097    -4666.1328468     -485.6734046    -4882.7057872
894       893.0000000      -48.1422851     -100.3919362      404.5240289    -4450.6654161     -864.6551126    -5028.7378296
895       894.0000000      -49.7210849      -95.2468091      404.6820836    -4214.6832933    -1239.6513270    -5151.5233775
896       895.0000000      -51.0327831      -89.7721269      404.7010464    -3959.2743924    -1608.9335819    -5250.4950293
897       896.0000000      -52.0492060      -84.0035651      404.5752176    -3685.6152226    -1970.7994086    -5325.1942510
898       897.0000000      -52.7457918      -78.0003953      404.3008510    -3394.9656299    -2323.5799080    -5375.2733971
899       898.0000000      -53.1041086      -71.8439861      403.8762476    -3088.6632000    -2665.6471777    -5400.4972709
900       899.0000000      -53.1140526      -65.6317762      403.3018167    -2768.1173232    -2995.4215857    -5400.7442188
901       900.0000000      -52.7751658      -59.4673790      402.5801032    -2434.8029821    -3311.3788244    -5376.0067514
902       901.0000000      -52.0966908      -53.4490790      401.7157799    -2090.2542324    -3612.0567725    -5326.3916939
903       902.0000000      -51.0963489      -47.6597194      400.7156060    -1736.0574390    -3896.0620992    -5252.1198587
904       903.0000000      -49.7981964      -42.1603391      399.5883504    -1373.8442724    -4162.0766036    -5153.5252422
905       904.0000000      -48.2301148      -36.9883461      398.3446817    -1005.2844659    -4408.8632808    -5031.0537377
906       905.0000000      -46.4214567      -32.1594773      396.9970266     -632.0784053    -4635.2720515    -4885.2613731
907       906.0000000      -44.4011766      -27.6719963      395.5593975     -255.9495167    -4840.2451744    -4716.8120582
908       907.0000000      -42.1965620      -23.5115960      394.0471923      121.3634735    -5022.8222785    -4526.4748568
909       908.0000000      -39.8325151      -19.6559394      392.4769695      498.1143977    -5182.1450074    -4315.1207807
910       909.0000000      -37.3312648      -16.0783176      390.8662014      872.5576144    -5317.4612535    -4083.7190988
911       910.0000000      -34.7123691      -12.7503061      389.2330097     1242.9560155    -5428.1289390    -3833.3331844
912       911.0000000      -31.9928913       -9.6435304      387.5958872     1607.5890581    -5513.6193287    -3565.1159028
913       912.0000000      -29.1876636       -6.7307296      385.9734110     1964.7608032    -5573.5198527    -3280.3045357
914       913.0000000      -26.3095826       -3.9863173      384.3839518     2312.8078761    -5607.5364017    -2980.2152890
915       914.0000000      -23.3699006       -1.3866019      382.8453838     2650.1073635    -5615.4950872    -2666.2373628
916       915.0000000      -20.3784985        1.0902084      381.3748016     2975.0845602    -5597.3434344    -2339.8266380
917       916.0000000      -17.3441295        3.4641301      379.9882492     3286.2205406    -5553.1510001    -2002.4989945
918       917.0000000      -14.2746342        5.7536011      378.7004658     3582.0595265    -5483.1093938    -1655.8232702
919       918.0000000      -11.1771289        7.9757126      377.5246534     3861.2159762    -5387.5316969    -1301.4139272
920       919.0000000       -8.0581697       10.1464562      376.4722726     4122.3813672    -5266.8512732     -940.9234446
921       920.0000000       -4.9238969       12.2809731      375.5528678     4364.3306435    -5121.6199626     -576.0344602
922       921.0000000       -1.7801656       14.3938005      374.7739284     4585.9282511    -4952.5056741     -208.4517479
923       922.0000000        1.3673361       16.4991149      374.1407869     4786.1337616    -4760.2893682      160.1059783
924       923.0000000        4.5129732       18.6109714      373.6565574     4964.0070165    -4545.8614576      527.9143410
925       924.0000000        7.6510537       20.7435421      373.3221143     5118.7127723    -4310.2176391      893.2516262
926       925.0000000       10.7757155       22.9113570      373.1361132     5249.5248226    -4054.4541676     1254.4071292
927       926.0000000       13.8808076       25.1295478      373.0950517     5355.8295565    -3779.7626169     1609.6894351
928       927.0000000       16.9597603       27.4140967      373.1933706     5437.1289410    -3487.4241538     1957.4346020
929       928.0000000       20.0054406       29.7820898      373.4235910     5493.0429159    -3178.8033398     2296.0142176
930       929.0000000       23.0099884       32.2519689      373.7764862     5523.3111756    -2855.3415391     2623.8432364
931       930.0000000       25.9646277       34.8437714      374.2412833     5527.7943456    -2518.5499260     2939.3876080
932       931.0000000       28.8594511       37.5793379      374.8058902     5506.4745405    -2170.0021731     3241.1716084
933       932.0000000       31.6831736       40.4824517      375.4571443     5459.4553144    -1811.3268524     3527.7848571
934       933.0000000       34.4228567       43.5788548      376.1810756     5386.9610040    -1444.1995730     3797.8889940
935       934.0000000       37.0636113       46.8960539      376.9631811     5289.3354790    -1070.3349375     4050.2239593
936       935.0000000       39.5882936       50.4627931      377.7887034     5167.0403167     -691.4783438     4283.6138608
937       936.0000000       41.9772288       54.3080272      378.6429084     5020.6524076     -309.3976583     4496.9724171
938       937.0000000       44.2080174       58.4591936      379.5113577     4850.8610303       74.1251477     4689.3079242
939       938.0000000       46.2555100       62.9395801      380.3801692     4658.4643968      457.3024153     4859.7277631
940       939.0000000       48.0920712       67.7646595      381.2362626     4444.3657102      838.3491793     5007.4424063
941       940.0000000       49.6882729       72.9374850      382.0675847     4209.5687563     1215.4914951     5131.7689242
942       941.0000000       51.0141515       78.4436409      382.8633113     3955.1730419     1586.9746916     5232.1339885
943       942.0000000       52.0410854       84.2468099      383.6140216     3682.3685275     1951.0714808     5308.0763520
944       943.0000000       52.7441932       90.2865236      384.3118433     3392.4299749     2306.0899093     5359.2488105
945       944.0000000       53.1049240       96.4797335      384.9505660     3086.7109193     2650.3811390     5385.4196455
946       945.0000000       53.1133074      102.7270662      385.5257202     2766.6373320     2982.3469801     5386.4735397
947       946.0000000       52.7692814      108.9230605      386.0346227     2433.7009557     3300.4472057     5362.4119730
948       947.0000000       52.0827071      114.9680053      386.4763866     2089.4523792     3603.2065720     5313.3530961
949       948.0000000       51.0720661      120.7782635      386.8518961     1735.4938645     3889.2215413     5239.5310880
950       949.0000000       49.7622223      126.2926614      387.1637478     1373.4719362     4157.1666934     5141.2949964
951       950.0000000       48.1818287      131.4741894      387.4161578     1005.0698066     4405.8007647     5019.1070734
952       951.0000000       46.3609172      136.3078418      387.6148388      631.9996114     4633.9723348     4873.5406011
953       952.0000000       44.3290036      140.7962235      387.7668474      255.9945333     4840.6250995     4705.2772247
954       953.0000000       42.1138154      144.9545004      387.8804051     -121.1991759     5024.8027256     4515.1037993
955       954.0000000       39.7405856      148.8057720      387.9646968     -497.8302574     5185.6532698     4303.9087500
956       955.0000000       37.2317818      152.3773763      388.0296498     -872.1505258     5322.4331224     4072.6779728
957       956.0000000       34.6071265      155.6982277      388.0856972    -1242.4229485     5434.5104656     3822.4902844
958       957.0000000       31.8837896      158.7970654      388.1435315    -1606.9297094     5521.3682326     3554.5124230
959       958.0000000       29.0766649      161.7014084      388.2138511    -1963.9801708     5582.6065314     3269.9936509
960       959.0000000       26.1986750      164.4370164      388.3071064    -2311.9187527     5617.9445375     2970.2599401
961       960.0000000       23.2610706      167.0276866      388.4332495    -2649.1326447     5627.2218252     2656.7077997
962       961.0000000       20.2737071      169.4952646      388.6014929    -2974.0593298     5610.3991353     2330.7977593
963       962.0000000       17.2452929      171.8597802      388.8200819    -3285.1938975     5567.5585688     1994.0475227
964       963.0000000       14.1836063      174.1396524      389.0960862    -3581.0960736     5498.9031984     1648.0248525
965       964.0000000       11.0956849      176.3519273      389.4352139    -3860.3969495     5404.7561030     1294.3402086
966       965.0000000        7.9879905      178.5125289      389.8416525    -4121.8053847     5285.5588164      934.6391578
967       966.0000000        4.8665545     -179.3634903      390.3179414    -4364.1140122     5141.8692114      570.5946398
968       967.0000000        1.7371073     -177.2617015      390.8648765    -4586.2048574     4974.3588121      203.8990754
969       968.0000000       -1.3948025     -175.1680579      391.4814512    -4787.0545040     4783.8095620     -163.7435949
970       969.0000000       -4.5236963     -173.0686571      392.1648340    -4965.7387958     4571.1100646     -530.6259165
971       970.0000000       -7.6440554     -170.9495048      392.9103834    -5121.4370583     4337.2513027     -895.0449458
972       971.0000000      -10.7502097     -168.7962789      393.7117005    -5253.4357984     4083.3218839    -1255.3102169
973       972.0000000      -13.8362210     -166.5940894      394.5607172    -5361.1318806     3810.5028294    -1609.7516247
974       973.0000000      -16.8957555     -164.3272347      395.4478198    -5444.0351674     3520.0619251    -1956.7272021
975       974.0000000      -19.9219431     -161.9789546      396.3620037    -5501.7706020     3213.3476998    -2294.6307054
976       975.0000000      -22.9072171     -159.5311836      397.2910569    -5534.0797446     2891.7830260    -2621.8990244
977       976.0000000      -25.8431319     -156.9643155      398.2217695    -5540.8217469     2556.8584136    -2937.0193374
978       977.0000000      -28.7201527     -154.2569983      399.1401628    -5521.9737752     2210.1250231    -3238.5359970
979       978.0000000      -31.5274175     -151.3859911      400.0317360    -5477.6308862     1853.1874173    -3525.0571300
980       979.0000000      -34.2524696     -148.3261362      400.8817238    -5408.0053610     1487.6961218    -3795.2608944
981       980.0000000      -36.8809674     -145.0505259      401.6753611    -5313.4255140     1115.3400180    -4047.9013871
982       981.0000000      -39.3963870     -141.5309791      402.3981497    -5194.3339830      737.8385837    -4281.8141919
983       982.0000000      -41.7797463     -137.7389839      403.0361217    -5051.2855270      356.9340675    -4495.9215150
984       983.0000000      -44.0094020     -133.6472971      403.5760958    -4884.9443343      -25.6164281    -4689.2369345
985       984.0000000      -46.0609993     -129.2323999      404.0059213    -4696.0808726     -408.0488717    -4860.8697150
986       985.0000000      -47.9076852     -124.4779434      404.3147059    -4485.5682980     -788.6002246    -5010.0286939
987       986.0000000      -49.5207211     -119.3791308      404.4930236    -4254.3784289    -1165.5163464    -5136.0257338
988       987.0000000      -50.8706259     -113.9476141      404.5330997    -4003.5773251    -1537.0598203    -5238.2787191
989       988.0000000      -51.9289197     -108.2159581      404.4289685    -3734.3204836    -1901.5176885    -5316.3141004
990       989.0000000      -52.6703972     -102.2402145      404.1766030    -3447.8476565    -2257.2090917    -5369.7689846
991       990.0000000      -53.0756461      -96.0989999      403.7740132    -3145.4773450    -2602.4927381    -5398.3927550
992       991.0000000      -53.1333242      -89.8880861      403.2213118    -2828.6009468    -2935.7742358    -5402.0482302
993       992.0000000      -52.8416253      -83.7109275      402.5207460    -2498.6766123    -3255.5132172    -5380.7123491
994       993.0000000      -52.2085175      -77.6672014      401.6766949    -2157.2228170    -3560.2302510    -5334.4763858
995       994.0000000      -51.2506798      -71.8423369      400.6956322    -1805.8116504    -3848.5135345    -5263.5456866
996       995.0000000      -49.9914539      -66.3005550      399.5860547    -1446.0618858    -4119.0253017    -5168.2389320
997       996.0000000      -48.4583498      -61.0824397      398.3583766    -1079.6317996    -4370.5079695    -5048.9869154
998       997.0000000      -46.6806457      -56.2064650      397.0247918     -708.2118070    -4601.7899593    -4906.3308417
999       998.0000000      -44.6874416      -51.6729861      395.5991059     -333.5169203    -4811.7911856    -4740.9201483
1000       999.0000000      -42.5063075      -47.4691220      394.0965398       42.7209627    -4999.5281948    -4553.5098348
